,Track Name,track_video_id_youtube,dim_track_id,spotify_track_id
0,Malvad√£o 3,i9NOkjmBszo,5b4e5c2b7c47c5593a299bf2eedd209d,0NBgyml7T0IvUNbXIkcSpH
1,Amea√ßa,TNIbXs_iNq8,43226ae3a00de23e987bf02edf5db587,4fSHADbZbhpZCT9oJpxwbP
2,Toma Toma Vapo Vapo,ey6H_cBy-OQ,e54db7e8d726a7e0caaada2c1c6e6efb,5VTjBl3ddZEiG2LrH4VzyR
3,Cabe√ßa Branca (Live),J_jJhHhYW9w,f1b41e03fcc156e1a702e7c4b6ff6c72,3QM6CkVY4uNf7kb6fzW5gO
4,Parada Louca,8hvzfKh4VEo,a4431789b8ae6e4aeaf26bbf58efc986,72g37RoelSnovZakG5MwnF
5,Presepada,MQv__TADEGM,02368b013c79057f9bae2573b6d64557,3YvE7uo4ffseBoJPh8IhHp
6,Vai L√° Em Casa Hoje (Live),r2ma8WPRppk,88c8bd7f570bc9e2582987fddc1d6c83,6JxnreicJSM24DMob3b39M
7,C√™ T√° Preparada (Ao Vivo),jW7j41mbxXU,7d19de2612b72439b268907d21d585a1,1tYJnXtKLoWVIL4lZOouQG
8,Pandora (feat. MC GP & Vulgo FK),6MNxuMgg58k,b2823435861110ef2840826966e27ff8,0yL7K9MzC20uBesZTPY81r
9,GALOPA,mo1NcPxKfQU,8feb8809b41c8e79ce3e1e74a9a0616c,3gK5ckT0cq3t5enyqzzRgV
10,NO CH√ÉO NOVINHA,ls74YCwYB4k,a644d7e27cd371e9a223bac1d790809f,7ARoqP7G8UYW8SyYPyPp7k
11,Todo Mundo Menos Voc√™,UDVr3ab3NVM,cfd5c25448970d2a006048ef03f263de,053zWWZDziDJd3U94x8RuP
12,Cora√ß√£o Cachorro (Late Cora√ß√£o),pGttcnBBzW4,8282f275f24244e95b1deb4b50dcf264,2RGIuYTsyyHoOCqW0krvNE
13,Baby Me Atende,qMEsx__88Gk,c3148343a1a813d577f928b43d3fd405,1bWBG6IkMnDr3qvCKSvQT7
14,Esque√ßa-Me Se For Capaz,I8va_ChEIAI,55df7ef923da9752ae3e6bdbb48dab52,4qsOrxBv09HhNSpsgMRXdC
15,Me Sinto Aben√ßoado (feat. Ajaxx),BKDz5kNjkfU,62bb93f6b8b158f7e37bc10ce691e058,7HjZD0NPC1hzFpjUjo45GR
16,Estrelinha (feat. Mar√≠lia Mendon√ßa),88_jnJP0OtA,150f6a1a190a8d5f02b2c06d55aa8cdf,6hFU1qqclbJkyA7gPuUNDS
17,INVEJOSO,79KWwlhbOD8,18c521e757da34835a55642d8d576cca,5YURHESoQKz81fL4IxV7NJ
18,Revoada No Colch√£o,0jnZreO4Dvs,d0fe8ec62bf72c7893c94f44dcac709b,4kGdnA7FzSVsXC29LPghej
19,Ficha Limpa (Ao Vivo),_7DKuv_xsuY,c935242a2a53aaf5da660d061874135f,17QN5kFprJqHdHLMj7hz4s
20,A QUEDA,BpxrvcYDnf4,b7412e97219ed7a1474093ef4db6d5ef,2s9BO8c0co0PmgBiUoTT17
21,Prote√ß√£o de Tela (Live),edjih_b_NBQ,02ccd71014f1e9ac5bc4e0e7b97041d6,3v6gYFuAXQcm1EO5yW7yfX
22,A Cara do Crime (N√≥s Incomoda),2PRAiVs3MVc,29263026354a4220c5cd6249c1a64e27,0wRn3ggAY1fIupTaVigdza
23,Ela me Falou Que Quer Rave,,a0737e62c124dd60e97cddb309359cc8,0JdkDCdrhMOaeXjIZdeBXN
24,Se For Amor (Ao Vivo),-6J3HfX4sbg,9a08ad576a0e3ddf0ecd43164f856b56,5tIL2q2s2pAavZFECbukAg
25,Sem D√≥,G-zyOLsfEBQ,a358fc045832b079e073b36be735da8f,2AQJRDfQJbfgmTf5e62Czl
26,Arranh√£o (Ao Vivo),2_xBCeBmaS8,c48fc5f54a00a5f4602ccafc4a2b6f76,3IMLoeLerS7TMpKjxUgAhx
27,Cora√ß√£o Gelado 3,2PkxaVyVLpE,bb5d927d8bce9d2e47c5ae2eb1a8d298,2aqIA7facaX2NcjHN2b9MH
28,Esquema Preferido (Ao Vivo),TCLGN6m6AMI,139fb29cd07dc7a153d2c7a36b1eb427,35qOGx1CWvCkQFOv4BkVIV
29,Se Joga no Passinho (feat. Thiago Jhonathan),EjVXeTBtNr8,b0f6d56e15f333424b43b72ae31bf874,41pFFOnh1glVNIlrWOpBjb
30,Bloqueado (Ao Vivo),14C28JSO-sg,e661b87fe4f26275cfc5bef89110a307,6nkoWsFZeFt5dUdNmlIceh
31,Cena de Amor,UI_VjxVrzHY,6e57268603b1a27dbf0284cac2b601c2,6RMYuqlTn8777j5arY9zhC
32,Senta Danada,kI5mmq5QIz4,3b3206e28c4f224df2c890ee9b93f78e,2R9IrE42Mw4zdUXAEFNiZL
33,Set dos Casados,g6yJVBaqMjo,305ee4fdde0574e3800972ab3285594f,2xebCnKCjYWBhJ4Ai8hO5E
34,Putariazinha,_30UknzUmcw,4888a3410c5c1ae31a19eff951d4678b,7JaxdBtSfqGGNyZEjGtSrg
35,"Volta Beb√™, Volta Nen√©m",x0EPgyNd9o0,7468f2fb7897b660554846e7c5a8488d,4wQUopWk9Ed7Ng5qpKN5qd
36,Passando o Rodo (feat. Lara Silva),IEDv84S-gqw,17eb1ade3cf2b3cc21e5f907dd0f7556,6z7CbJhWEVXZyFv2Y0CjCs
37,Troca de Cal√ßada,WkYqQctOi9g,f5e7799733890027a916ff0bc174e890,4AAIAVjSyiq1N7SXKkwXZe
38,Alvejante (feat. Z√© Vaqueiro),eOqp6nqukY0,32e5e0f54a19f73a9fd9c4c0404fa4d1,7fnXPPBrHSGb15iPvVgFd8
39,A Maior Saudade (Ao Vivo),6EGg0_l-edc,6be0864c19821359222ec3fedacc075a,5Q0ZnQjk4lQpScX7ujswun
40,LEIL√ÉO,X7cz9v6mHzg,bd56e8b5996ad9afe922b59b7f038ef2,2eFsVynOiCxtI4kvX0XClm
41,Voc√™ Beberia Ou N√£o Beberia? (Live),pMaKEU1QzF4,fcf9b4ed9faf09c627aefd2eb102563a,1JhSerlDALvEflkHQJN1G4
42,Avisa L√° Pt.3,vZcR9Qs0IlQ,01778d8f224321fa90b297e0f4741548,7pWzcOoDF3ssFLrH5wivif
43,"Vou de Lala (feat. MC Don Juan, MC Pedrinho, MC Kelvinho & DJ BOY)",3NwlRzCzzsI,8a0fc9ad551cf31cf1e147ba33c0a294,6MQrN9fclpvR4nf0uJrG1x
44,Passar de Foguet√£o 2 (Ao vivo),GBXt9oB407c,e3b138fe9643baf7e2eb7ccee6307e7a,6S8rMQkUIUoMwySKtAKRGS
45,Enemy (feat. JID),D9G1VOjN_84,388a0e0eda3647f46e6efa82f122ec08,4qXKkOZ691yYgQu4Lunrds
46,Tiffany,iOM20kM2gOQ,d3457db06ab74a02fb9e373d496f4764,0ogvSCswPsKY7MSMaojWk5
47,ESS√äNCIA DE CRIA (feat. Neo Beats),hyDElqwFnYI,d9fe91da10eb694c9ddc4a8703fe07be,1iaPDgTbsKrlznVu13EWIf
48,N√£o Sei o Que L√°,vMMRpr2PXSw,4bf24374cb5c809ad956de94043b6af3,28m65cMH7QXHzFnZSTtNHY
49,Antes de Ir,R8s6fIccm-I,179375b1f86fb44d9f10ddc53703406d,77M4sSovNmbrBP26YGfJNZ
50,Quebradas,ENHwrVK0wn8,03b9d251ed949775410aea0d065c5a04,3LwdDMldO8zXz5jgVTQbvR
51,Carinha de Nen√©m,aIFcLQFPWYI,e5fe391b5a62c5b47fcf6986fc6341c0,4bL8f3zRr9eqlnAPBF7jpg
52,Nota de Rep√∫dio (Ao Vivo),y1TtVi6qm98,5e1e6bc830d3a37e4a511f0480e04434,6qdJZIjxrPaJjaGqlXFLSs
53,Formosa,HVSSnhgm8So,d734c183dc5db9bc319aa5a30b80bb88,1QmupixsVNc0osesKXraZC
54,Anota A√≠,OXFN3ZMgaVk,78bf11f3dfbfc91a53616321163dc783,5a2CIQaMW3Keqtx4BdXbEY
55,Al√≠vio,JgLFoArntlI,f816dd90d4a0656b9437ff63d1fc9d98,2oD7qIB9vDBnE3uBmEh91C
56,Cruzeiro da Revoada,kezf4Fo7B9M,184f43233ad5aa470d7c341aa5805d8a,2TkyXnE0OB6Yo9zuzv9B4e
57,Assalto Perigoso,uSNdpIhSPEU,3ebea49863aa9128e86b8848ee17f82e,49GdoM9fiTXVOx1a6JTokJ
58,ONDA DO BERIMBAU,uiF6lbyVS-4,7b391cb86815097bbd38817946dbcb19,7ypX1KnSLOXVykk0PnlUfV
59,Motel Afrodite (Live),qZxXZ2UpaBs,8b51b793c00c532ed3b1c2b420b54130,6WxpU2F5gwTzwYsAalI6nI
60,F√£ Clube,gwS9nU4Aavw,1efab16fe429c5442a96f738fabff806,1G0kLIS0hE6uUPlIE9gksp
61,Ela e Ela,jyFqlWOVOC0,c113eae8dc994e62b439e793e19d5c74,7pvrsbBKUQI2QmA74WCJa5
62,Depende,v9geHIUOxeA,e15bb7cc5b487eae6f4c66c5e51f2721,6aaPUBUFw9KEW1p1inVQv9
63,Saudade e Solid√£o (En Vivo),SNbURUnTYCM,a6fc9291cf0813d40653aa486abfc853,7hG0G3xIjTMqhdXWCSeokS
64,ANACONDA *o* ~~~,iLTR0UyG2Yo,e58a6e546b8dd503fd375b1d8a95cdc2,2342lPAZ9zddhgAQEiLx4V
65,Eu Fiz o Jogo Virar,FXRfr5-n4bY,8685c3aefbc8ea2fc246859dad056002,53BkPZwlaLbW77uV9BnJkl
66,Bala Love,GV79m_AFQTQ,cdb035aff9c90b52ffbce90c241e3907,48Ll1C6qAnP2UjnopQDh4a
67,Uma Ex (Ao Vivo),veKig4zrOFs,ef26038d374c846e677659347c3ee00e,7xi4XR5EIOU6OHdIydLMjT
68,N√£o Vou Te Bloquear (Ao Vivo),6lsOfEHb4C4,f187c158964eafa2bff627005182dba3,5yRgMxdDhdYlbUQNCOlW3o
69,Eu J√° Tava Bem (Ao Vivo),XpNWBVtXFsI,5403c66080668d84bea87f6772686057,5FNdfRpHs4u5vto9YdY3ft
70,Voltei pra Cachorrada,0aZWoY4rkFo,f38d41a829cc374ddef6084907027353,1yDct8mBgo25FwphztHzBK
71,EU VOU DESCENDO SIM (Ao Vivo),l6YxlH5xoiw,aeb6fd1248317f8f9dd85b0d263824ef,78g5lnALTioTYBjkyxmvlJ
72,Depr√™,GKU2oQhtDxE,24c9b8a595bf180a0199c51337cc07f9,2H3wWrnO758y0fPH7Ilerg
73,Molhando O Volante (Live),_SjTFD9qVuE,6f00705f99d07d91d1006dce66ca91ff,6wY5sxKVkKTwzU73X0KSmZ
74,N√£o Me Arranha (Ao Vivo),CGbvMQ7xDtE,d36e1279ebb3679fa2dc6af3a631410f,6ve9hbVnSgJ0vrsRpj18OH
75,BALAN√áA O OMBRINHO TRAVA PARA E JOGA O CABELO - CALMA RESPIRA,BM-OhbQE7Rw,c9d79e7dcc18b60402153502c7eeb6cd,3BCUqGVPvirkRa6g6ipBaF
76,Numanice Lud Session: Modo Avi√£o / A Tua Voz / 700 Por Hora / Radar / A M√∫sica Mais Triste do Ano (Ao vivo),lhDKryCuhhs,c6d44a105d585d1d192815194d1a4ab2,3hXCANK2ys6D2HZE3kuDfz
77,Apita,Hp-hHdBgGu0,8459b37933d6d9df0399bbf62079b25d,5m2XYNroEL5ceFFPDngYe2
78,Viela,rOYh9l_bI74,22b41e0427376b4df62b1c3e9c8237fc,7zxAnXwxdZUbCB3BDnx8mJ
79,love nwantiti (ah ah ah) (feat. Kuami Eugene),MxjrsDV8Aeo,5d0f339a2e4c40341a1d54495e99090b,140dx97IbJbQhIMd7AaHeb
80,"Trava na Pose, Chama no Zoom, Da um Close (feat. Mc Rennan)",_GFpxjKHrOA,9531529dd68ae769bde5960bb4d5b261,5aqmWrDgnyQ2OVn6UgBko3
81,Passinho Debochado,zgSSwfSjoFM,9e8b63cec5b604cd418047f9191e6253,1tdDDOJRdbo1Uz47D1k62G
82,Bota a M√£o no Ch√£o,nrqq0dDpJ7w,8491c94769536a47bfc980b02fcf466b,3Lw41pfko5XMrsHRtlbo2k
83,Boquinha,TbyjnH_GpOs,78f705117a04a74068ff386be165da5b,5ECHXTiIFSyooLOfeyeMqe
84,Vamo Tomar Uma (Live),QHPvBhMDM2w,397c47d6fbf1f63f994ed2e50cf952c3,452LVnTBjXYW3guqe3xiqI
85,Acordo (Ao Vivo),Rr5yQs-s0_0,a7cedf7c5e734b171a8c4e33c33ea023,0tM4J8aID6qYZOE3e14sCj
86,Quebrando Protocolo (Ao Vivo),HYuWGkQhkeo,928fd707e8e85dd338288567aa12c5a3,4OjLi2Ji9UhVsHjqzRGCsM
87,MALDITA PERIGOSA,Amf8JCOKCUA,67300098ec49ad73839be9d091bf4718,7MJiZazhXeWZoFZlBzC7sf
88,Cheia de Manias (Ao Vivo) (feat. Thiaguinho),lxNd6LRi-PQ,6c7d3d2b46fc445c7c4989e7b03601f3,5JQQylp65Mlpm6yC2JxHHr
89,Ch√° De Casa Nova (Ao Vivo),9Et53l5l-FE,69253d74e936c4c878aaeb82e8ee8b99,6wrkP23fHC8KDHCfs8MpJ9
90,Era Tu,yqiBHnelayY,9a498a50a5710f6ca97cd32f159fb567,5P5a8CuLPaVRma6iDh3E23
91,"MC Paiva - Vou Dichavando o Colombinha (√Åudio Oficial) DJ Victor (feat. Mc Kadu, MC GP & Mc Kanhoto)",6pNgNcGCSao,1accea304d1a92bcf28025fdb33c8ef1,04vzhKfl5HtPEgrdZJCZ7L
92,Mustang Preto,iDJM3HTdjck,1fb006c1d2bf660100ef7c8c8cefc270,6Vgn3IEUkWs3d6og029Gtm
93,Menina Debochada,lvnqCPJ1sLM,bd4864c965c41f4f21e2612c73432a80,7nOasAgAN8y6bFpF5G3AuB
94,Pegada de Malvado,NYYi3cgLvtM,69648f5b831a8d233c590b311a6832fc,2Ho2vEEJAZOAnpxl9GsFYR
95,MONEY,dNCWe_6HAM8,78aa201adbf7a09b3e088e829d47c0c6,2HbKqm4o0w5wEeEFXm2sD4
96,Ela N√£o Vai Voltar (Ao Vivo),b2bHm9vZYpQ,ef2279b4c8e564971d87d6eb0549aa3b,1xf6p2MZQdC4WuwrLzrgrt
98,Easy On Me,X-yIEMduRXk,ee74c3ca2a5a728542301d2e05079b69,0gplL1WMoJ6iYaPgMCL0gX
99,I Don't Want To Talk About It (Live) (feat. Amy Belle),w46bWxS9IjY,48d893ba540cbb2a91fe0083bb65bf2b,2JWKzkQbYsNzx019WyGzaH
159,Malvad√£o 3,fo2iXmnmx0w,80cebda82c6634efe505a27d143bc124,0NBgyml7T0IvUNbXIkcSpH
174,Beijou Meia Cidade (Ao Vivo),Oar4g59IHDI,957223891ba9c83925f5e3a8f6c386eb,0w28hyNsOQ2dELiHp5QMog
178,Universo Conspirou (Ao Vivo),FpsTsW408s4,0b39e3ff262fa09c02e10314db1ff5b6,6Xz85h33BGWDGgmWYdp6Ga
179,Mais um Favelado,txqvRehMqRg,7257610debe1e82cb8398c9c5e8cc38f,6Je9vWKLrZmXSNXMl5tzUX
184,RIO SUL (feat. DJ Felipe Rosa),0lrMyAShAmw,639207298032d93352275d619d256f8b,2jgvCXn0M81JnYRM5CkKju
185,Rasteira (Ao Vivo),lWMTOl1KPbs,b3ac4b72efc036ca3bd1462d94de7386,1TyxXIXVVpHwhKaF73z8nw
190,Por Supuesto,0vEPVBtkyaU,1fa508d29a6b9c0e1e8a13a04d70fb45,7xVSNhAUQhUIpwfR6lTOwA
191,Cara Fechada,Y_5fPfF8yBA,49a29c520a319340bcda692e1872fd09,0k5SSa0i8dj1TtFS8Ko1JJ
192,Nosso Flow,CM7CpUpirUI,177fd14df32a67669e6990adcf3acfeb,2uK2zK0CBh8w2C4Uq8qo7z
193,Perto de Voc√™ (Ao Vivo),3MRej_lv4ks,6f28e2b1e29a34e7e9a3fd4833f1a1e1,0cSIHvOAL4LqBpZnib5Ne5
195,Me Supera em Off,Sk-aqGpPheo,9c2a77f010ada717bca96559c0a7880f,5b6LOkJn4WztctHARRChfk
196,Gaiola (Ao Vivo),C0CA5U5Dl7Q,95b82045d739ee916584204dec506660,70PwecMUvcdwyunypqGHfQ
197,Pend√™ncia (Ao Vivo),GBQEYYSjEpY,f2137e10830f51710288ff41821a3a6d,1gOgWTB85kZEbt0GDpRcuY
198,abcdefu (feat. Royal & the Serpent),NaFd8ucHLuo,0872fa9c99af305216c5ae1a04462f1f,3xSyUXUkSiBLsJNpPpG4v1
201,Mal Feito (Ao Vivo),kyfXEMqvLgU,3b92f358dd558a5f7dbfc1956fc49a12,6Zw25LRLP0j0MsezDFIUM4
202,212,290Q1JFInHE,b46331488fcde837869865fbc6dbf95a,7mDKRYiqejoHzP7dQGxLys
207,Vontade De Morder,bgf18kANm_k,7c6645a04dc6d827fb380a41865ee913,4lsDFVKOVwPeAVw1hPOn7G
253,Culpados (Ao Vivo),rkpiXbOZcwo,7032bf4df95549805864d23630779e3d,1rjXAVxq805cVby3SsB165
261,Barbie (feat. Danny Bond),aPzbgoqwGyo,6ab62332fffd3fd73189e0de322dc568,05pd6p3qKhZddaEX9tUZV4
266,A Cara do Crime 2 (Cansou de Playboy),PJqHlzBiZ0A,5c6cf020b1bfb59d208b85c0dd868f35,7KPhwNko8V9vYBIN653hSO
270,Deixa Eu Sofrer (Ao Vivo),JfwG5Bk4m9g,96a292b36dc35e4bd31aacf01765ed97,2mRyXmFCOXztZr33nEfkwL
271,"MT Eu Fiquei Com Uma Puta, Uma Puta Vontade VS Beat Serie Gold",UL7-YIS_R4Y,4d8c95e832ba31b035377ccbb8a4bb8d,4mD9hjoTckjeL1CrJCx0MT
273,Idiota (Ao Vivo),r2gppKSvBLE,d56f20deda201227414a0198eae90697,7mHCej5Bxd4McPV3YiSAmP
282,Novinha Malada do Insta,yscpKRgaQdE,0f23e6760c7ef371039902c2bfbbd338,0VF2XFdgeID7448iU2Vyg9
285,Un Ratito (feat. Lenny Tav√°rez & Juliette),9SDtkLuUP9Q,85a6dd468779fbd3ece508f974cf85fd,5zxcDBDiyNTB5OEcDyCfbq
287,Se Tiver Coragem Joga Fora / Inevit√°vel / Meu Segredo / N√£o Imploro por Amor / Ent√£o Pode Ir (Ao Vivo),jbS0GWNwG00,d012a1df415957fdbd3790219e975313,5tIL2q2s2pAavZFECbukAg
289,ATEN√á√ÉO,IKmEssj5uAU,36a6b73d58f3831e4828f7ced75295b5,4mBto7hyeS6yHhx8lIkn4l
293,At√© a Pr√≥xima Vida (Ao Vivo),yrQuMSYsYZQ,982a489abb32a6fa3f64581756756922,1gqZjpNPd6UrV8ZGyKPjDw
298,"Calma, Respira",wYypTp1B2a8,9c66c74a7daada8f7139a0490920c2a7,1HPHKZKHAShXxkXTtVC5at
299,Prefiro Nem Saber (Ao Vivo),OzdNh5NrWEc,b7e49f7bec305969e8403f3588fe2e30,4f5lNQ4Xq7aHc0mazLz9ym
311,C√™ T√° Preparada (Ao Vivo) (feat. Mar√≠lia Mendon√ßa),jW7j41mbxXU,efd84f691640c431a0f5ab0d4113b39f,2QPTw8kGJwdHEKilR33AxU
366,Saudades (Ao Vivo),eIz5sgymglY,a7c51a433670a86ac16f8d5c547435b9,09ylQJ4OVN4Bk8nhs2mSJr
369,ESSE √â LADR√ÉO,4Y7c0DIdG3A,0c6402ec86de88ed5cb0fbfae50d3d95,5rz7ZQkMpQHGDXC62P2Axw
376,D√° Intimidade Pra Ver (Ao Vivo),u0-NX_ihBPQ,360102cae77aa4dc7ed5b3d189f1ed9b,0j8nXyOr5UXWHqy0BBnZ6L
378,Freio da Blazer,0qYWvuVp-0Q,7a540592eee3d1a8deab3e857576b482,6m187iACTSAZDYMaV0klqj
385,Terra Prometida (feat. Mainstreet),yvHbajFWOQE,0745d93a596bf78d982b3bd32f458e4c,7bcHU50mENL3al5DhEJc7J
387,Hoje eu vou ganhar (Ao Vivo),aXiOLidBzjk,c3a0a911619585ed6ef8cc7e80ea0bdc,3O6oqS2yGF7H5kJiBS8D71
392,Giro dos Artistas,EOmwH_7J-oI,6530d393c5b4eb1ec8da60312e47a325,0Pjd5h1ZOSyhSwZrDeCIXg
393,Hoje D√≥i,deT2uoAbyK0,52438e9cea64880dd05ee845eb3cb91a,3w6mHBjdJQHqV4gwZlqH8A
394,Toxic (Live),yvzKKZp3usE,583cda747df34837415e94a984572f91,6JbYChsLP79H35j1upLrWc
397,Diferente das Iguais,rXVawVZw0pU,60d7373a194733651bef781967fda27c,1SE30bruBtR2VYws9vuKTS
400,Malvada,r0mNwyywHIY,b21a4cad6879142d0a0a1deee792b82a,0oW1upYPuCWkarwMWZD0NK
411,Boys Don't Cry,PkzJgGZBFDg,a0741ebd60809112877c4c18c25fb205,4dneV7C1yDt9UtyxrQY375
435,Seu Perfil (Ao Vivo),KvAagUxO3OY,bdaf47bdfbabffebe392a29eee6a973b,4GOs8fPjp4M9CBHanTMwsQ
452,Melhor Ser Uma Saudade (En Vivo),XUbnhFO0bUc,9a592f6a3574be63f4af1d02353db2f6,5IcPYzR2bkS4W3MabMpi4Z
465,Maldivas,VsIp4-vnqlw,f443d60a434f52ecdcdfc41175112915,0dpXgd1OyD0etHnvCodXXZ
474,Ficamento (Ao Vivo),LYi-JwPBB84,87118dde5d9f7bb267bd9eda08a5d631,5B3BSwEhwn62IkjTLGPpnF
475,Rapariga (Ao Vivo),JnsvymlPtqM,0f2a16e0417799e109c917df725a7e57,4LFWGAYxWFN3jD4JTapS0f
481,Nunca Pare de Lutar,t_WpcchhcQo,68a8582ef0f333f88246ccb8142bbf19,6JF0NbnUohNnoNwrLs6paN
482,"Festa Linda 2 (feat. Mc Davi, Mc Dricka, MC GW, MC Don Juan, MC Pedrinho, MC Kelvinho & MC Jo√£ozinho VT)",jPAuTahU4yA,232aa97a0e1b25315182dba10fda0ace,1KRMUEKZOh0x8GsaWBn339
483,Socadona (feat. Mr. Vegas),15wVHmz_Aag,473b044a362273b6049f9ba6f83f2c78,32wjFFh7Ptrepu63WosPRB
490,Os Sonhos de Deus (Live),kKuqCwizTGE,ba320b6218ebb52c617f302a21e5643d,3MbGpD2sYDlLhuLPoB6JXg
491,Envolver,hFCjGiawJi4,96da0c95eaf690eb28a34288810eda1b,3IAfUEeaXRX9s9UdKOJrFI
497,Unstoppable,YaEG2aWJnZ8,88def4777dfe28d95efe1e6fd6a13d65,1yvMUkIOTeUNtNWlWRgANS
517,Botadinha Saliente,kyjtx28z-bE,dc439218bc5c034c1be6007a267ddabe,0qYW2jULeN9giEty0ee9Fy
528,ABALO EMOCIONAL (Ao Vivo),cPGKKktrObc,18f63ae9035ca5e5193bd3add9429911,53RxHysDJ0cjugMcPymwja
529,Amava Nada (Ao Vivo),4FaHeREoRUc,e3d5339d408c92160477e0cacfd24b97,6M6QZVBQCkcx1j7f6RpD5Q
531,Juliana bonde  ü¶úü¶úü¶ú PERIQUITA ü¶úü¶ú  ( clip oficial ) 4k,UDGZ1PesO1A,377da0cbe0831eae5eee3876a45886a5,0aJk90R4PpRM6dpihkFJ1G
552,CAF√â DA MANH√É ;P,CJdhWgebwqA,2a40e076c4c2990faeb1b3bf303f407d,0sPtV4stCHkFJB6GpoaZ1f
564,Maquiagem,G0hd7MngdRQ,89ac6d0d8b41923854c274b5749b8afa,3mEX14bKdKMZwf87MRSt39
570,Hoje Eu Vou Te Usar,_0bDIQgliHg,1c53af448751ab0814d8d88548f6c94f,1veQa8YnXWP7YjpzTcCLY8
583,Iphone Branco,xv8NrFQqKJ8,a7efd0fe1f1e64462c54640b94726ec7,6jxE4XjFVSKF18kfo7FCl9
588,Joga na Cara,G75DLlt1GuQ,e0fdcab82da301c780d92522e9efb91d,1gKXrwKn5ub6wyefqMsnZp
589,Senta Com Amor,krfwVY9HaDk,d31299e49ba49715eb18a1b289c347fb,1kjMT9xY7fsPCbOY9glt96
590,SEU DOUTOR (Ao Vivo),XR4Zp0N6xgU,ba1d383caad0e8ccde6e8981a42688ad,5fcZnhNpxnfRRFMPmJU1ue
596,DAN√áARINA (Remix),I_gwjhvXxzM,7209a9762927a32aab38e670ece53230,1Wdh2OsWA7cE1xzs8uAkUF
598,Ser√° que D√° Certo,wOU46EfrjQs,dcede237506190ad79e078aff4019b03,0lSY2zOUEeB5sfSnkw8M9l
599,De Garrafa A Pior (Ao Vivo),sf6TheG62PY,705ca1c3e8dd7c956db89545041f3ad9,48m5UXwNTD7cddHC6xRiFk
616,VERMELHO,p4aPlYN6x1Q,ce2fb0be1d2112512c7524d1d73d9fc2,4EVzu5mYyigjyLrryKbZs7
625,Tuf Tuf Pof Pof,ulY5kBy2exo,b0318fdb9b6ad41efb84edb3ba769da0,5IgFVuxghOxiIYRnjUsqi1
628,√â S√≥ Blus√£o da Ecko e Bon√© da Lacoste Vs Putaria (feat. Mc Denny) (feat. MC Denny),5qHJ6bSyPKY,a8ddfc3b71fa47e581f446149371f50c,27zzfMfgvjQtW21nPxNy7w
646,Desbloqueado (Ao Vivo),eJO62WkGzcU,84d44e9c97031b60800c2334f7af5b0e,79Wou8NwYEFzTyDQudjENF
671,Eu Sei De Cor (Ao Vivo),2QTCKfVN1ZE,82cf1bdc467669d2af53f65f3d2a446a,4SjkLzyFBVXaxuB6SbJyJN
674,Aquelas Coisas (Ao Vivo),mpiX5Szs-Xs,f53986ddc7b91f6b5741985c7a55c111,76CtVOCPaIL0QB2ob1ocmV
689,Incrivel Jogando a Potranca,H7Ou8HPU3Ko,f91c9fbfd707781edb6550674c5afd06,2F4wyz6gkLTbyD9b5vTVoh
693,Batom de Cereja,3vYeQLJ2as4,d4aa86e90ca2febe216f43dc8a3659cb,2MZQAvsA7aZDssppBLRxYp
698,Bye Bye (Ao Vivo),tnfbhjbbmu4,5e9a68c500a0c39a96b11814b7d33713,055TcJ0BdCrW7qE8Yq5KRM
699,Sem Filtro,fWVTtwI4Rco,0dec3124cb7efc554b5d33838b878570,0bfyJd1OWcUUDcexrOn9bz
727,We Don't Talk About Bruno,bvWRMAU6V-c,800893daa27a5505bbd127b265eba394,52xJxFP6TqMuO4Yt0eOkMz
732,Terminei Mal Terminado (Ao Vivo),ymFBETNZ8e4,14177a744fc256f48de346776129e6a0,0vlAXslkVt1HZ4Rx6JekLY
737,"Oi, Como Ce TaÃÅÔºü",K4n7zRoKmPc,23979141b543c176f4c32cf6f0b90793,5Z4TYur0O9OxmxIo6GC2Gq
751,Adivinha A√≠,W5YaTIBFekM,54097bb80705ab1cc38295e353f704bd,36VuUsoIGq395mwQFhhXfY
755,Surface Pressure,tQwVKr8rCYw,9edd3de5fb7677f32013bf40374841a7,760jhRscwGbIIe1m1IIQpU
756,La familia Madrigal,JWe_smmkgrw,3b0300ff7bec12871f9de6c170bfb808,6740sbqgB64LZopHUEiBG8
764,Poesia Ac√∫stica 12 - Pra Sempre,D9MtpH2ZE2U,8601f8372a894a082b9e46f77cac39ff,4can6ssapSsRCEbZZfYL8K
766,All Of You (Karaoke),may3tfKtNWg,36638042de23d91af36ae9e149e47541,2BioJ9vMH7Q2zlHwhRxYv8
767,Ent√£o Volta (Live),gR2Vtcaqd7Y,6bfd2be0882d1329bd8dd918f7b0b946,17PLmKKjUkEeP7Lo17aO9G
772,Ilus√£o (Cracol√¢ndia) (feat. Alok & Salvador da Rima),5LqeD-m7Iho,064afe931d4d479d58bbc5ba0ea062fd,6WXglvTFRmjlHHhgjYMNif
777,4M no Toque (Ao Vivo),HOug-9YSxsg,54fc34a03c0ff19b74d0bf1cffbd8a13,5elz7Ovan3KbnsP7lEtoXe
778,Ainda Te Amo (Ao Vivo),bNUEsNRjQkc,f04aab10473f17db6be102bbd9550a1a,6k1OrZGhRo3ImkwaCfoZft
779,Paulinha (Ao Vivo),MQtQNlIyjns,b94fb11f9a62b4b0794479d9d31540b9,48bFuIQFSOZT78ckLYCKsk
790,Amor e F√©,iZq0u3quAqo,0dd4fc6b7d9fd3160e8b141d9e0ac57c,4XcWXKMKp53c8OU3HHlxgL
793,Sigo na F√© do Pai,76_J1jZLp5s,c564a5f3e586e2cb97684a0f31bf9bd4,7zcQ56JRoNd4JAwGKcrxiZ
795,Amor e Amor,tk0AT9vQiys,5150f895e103e46b91ab4d1b173fc9de,7ipamaL0uwje5dSNejTwPb
809,Deus √â o Meu Guia,WrZ6fKelwOU,5d176a07d90cad1b38d0fcc905d853c8,4BfppnNi6ZQTI8Ezo97zX6
860,Sentadona (Remix),VKaLjHZJ-GY,be72d9259d4962a2f45df9870335c198,3sd2p4kE7xQmFH3lPnFl6h
872,Imagina a Sentada (Ao Vivo),hnezG_moEEQ,721c0e5ba472bb9b6ab6509a1bfacdd2,0lxGtl0S9wO2LAFchHrEtM
883,Soca Tudo,67tzFKqjcAs,ac99bd7dad129218fb016a2fff675a22,4NpztrMtGixd9WyPFuMONp
895,Bipolar,12-3ZAsO_xA,b78f3d1a425914e3700ea14957e2b61b,3wlIAXSDtlD9iU8ysld06Z
913,50 por Cento,zhaTkKdovgM,d8e2dcb51e4e94c3777b9f7fcf8fc123,1d7Z2HUkWno2w4452Jaqt6
966,"Jacar√© no Peito (feat. MC Lemos, MC Leozinho ZS & Oldilla)",7m1XTCMgBZ8,4acbb4d0ae73d9df4552995b557f42a1,3IZA1IsJi4VPLxJy858rHn
976,SET Vila Clara Store,W3Xhpmix4KQ,fb02ba925b02eabda6a5cb090b800b58,6u5YZZX9F5fxfAfLrd6hE5
980,Tudo √â Fase (feat. DJ WN & Mc Havi),QiXzcQTLIrw,a438af382492ab145a708ee9d23bc6e5,0wxG8UbGsvK7ks3jPC0p6D
981,F* F* M*,0hV9qYJ3IHQ,f0bc54cca2fdf04f825e0c428a2395c4,0cHflpV8SSGbE0NKaasEfT
989,M√°gico do Som,CdMYTT8YCls,4453e64716ef48b7346243244d1f8dd1,0eumeycOAI8ew5qRzFJbEr
994,Sweater Weather,GCdwKhTtNNw,c594df7479e210ffad8e8a14559e9584,2QjOHCTQ1Jl3zawyYOpxh6
995,Bam Bam (feat. Ed Sheeran),-8VfKZCOo_I,b986e8bf6590716b9319be71b5ed23dc,0QBzMgT7NIeoCYy3sJCof1
997,Pois √â,SuKn9lbCHRc,06bbad12e201d703690ea694d1bb33bb,43GS3mtezoIFiuIZCLLiDY
999,T√° Chorando Por Qu√™?,xdr1Wg_cgSo,6e78b31231574147b231cf94000ac864,4plro95QtNPTVZcS8PH0Fa
1045,Batendo o Dente (Ao Vivo),6vazqxfLpWc,f8d971b305e85d9b3d0c001af2711272,6rq8nnRLsRC8bWmPFkHnPw
1064,Outro Patamar,IbJRLeenTSQ,968165c1668263f8b424eae7a0e019c9,2857Zdt1A03QnnkhGXC1hP
1081,CPX Ta Tega,dRK7c3Je9ts,1aea5d939bb5ab8cfd4a748171f14d5d,2HrjORyFBF3IFnXOAC3Rox
1093,Fetiche da Coelhinha,f3lb0tDLCug,9393fb299fa41570745bb5654abe3554,04MHbfMuWY5zECQ09Fhgla
1096,DOIS ENGANADOS,2Cr8zkP-d0I,fea385318570ea5a0ebd922c0aeb3c99,7McCAKExE8KsI2q4Y8wx4U
1098,Balan√ßo Da Rede (Ao Vivo),vAM1xXdRnH0,fdc813b8fc390d3347a11fbd5e55b840,28hR1L315OFFfJ5YjnTpZQ
1155,Desgastou (Ao Vivo),BNSeGVLnMUw,3301ca1d1c8ae2bea1bf0fc69444b275,4vjU9a5q3IrsspW8Qin56l
1162,Juliet E Chapel√£o (Ao Vivo),k893U324R2c,ab97f6ca97980aa00e89da3cda9e977b,46oPxSyS5ZZLg0EbqsKW4x
1167,Simplesmente Ela,K6iRoT8u2xU,e28e4abb00f7ae35d3213cc84a2e90dd,7qaUeAyg0eYYhHDCx58GXa
1174,Gatilho (Ao Vivo),p0zuRoa2BH4,15c242a54fb9f737c2506dad41f506b3,42nZBOwXNdO24Ml032bLBS
1176,Vai Derramando (Ao Vivo),ZOdwBgtKv60,c37e6d1a5017af7c62e3125f5e3c0832,4hFrVmT3r6iljNho3abiNc
1188,Meu Cafofo,s71R46atvf4,ac6e4a510ffa0b96431553de8b57d16c,0TIf1AscPzTapFrKVTj7yN
1196,Por T√£o Pouco / Pagando Mal Com Mal / Faz Falta (Ao Vivo),vr2fp6SS8aE,0846465db3c9ba8365ad39b22899e74e,6UV2ISfKVLSam3ehPe8ej6
1199,Romantizou,BCTF0TqIlZw,cd0608a9c9d008e437f44ee7de2138d8,1KcLptSHclzzV3lI3RnN3f
1250,No Ouvidinho,eYuI4krrKBM,449200f985b6d848b1b75a69a4b4b626,4QWumyD2uwiePBBha9XBHI
1252,SAFADEZINHA,8XE6HQ8dZYA,59113e102cb76d2281212a6108b4a102,6TjOL5UxzOVRSQU77Dvg4s
1254,Fim de Semana no Rio,7AlAYttGnAg,f7e04d8dd01d1c1a05de6fb6076b86bd,7afaZ37wJJL6880z1NRgJS
1263,Felicidade Dela (Ao Vivo),baepkREFZ6s,9e0e358757fc741100772ccaa89cb263,0roEMqT0P7Z82rJTwcID3Z
1265,Mal Caminho,WIv_TesjWMk,645a2fbf8f1dc564f0f7b230f474496c,0bvLxd9bUAYGKkpMYdR60F
1278,√Åudio Que Te Entrega,b7A98jz4uUA,6fc91dc34ba30ff59ecfbceb6b026b29,5dFxhpYLOton7aawKsDeiS
1292,Se N√£o For Por Amor (Ao Vivo),4Z8cuCZKR5E,1452e44e1366fe870b359a878e8edca9,5tIL2q2s2pAavZFECbukAg
1299,X1,zgdQsLH7sDw,544d29ab232d5e9b1304b98b3e14b8dd,6pD0ufEQq0xdHSsRbg9LBK
1301,Vampiro,TKqa-ZXGKYA,c06d38b6b749ab6f19a14acacafbf638,3Eax1yebRxj6LSYpxE9Yd3
1307,Termina Comigo Antes (Ao Vivo),rTJSWmgbVwA,267c578ed522a9f5c003d1d4ce83e9fc,0tQt7xFXeOtTLTl0cXy9Z0
1313,Ins√¥nia 2,ra6vuF47hB0,7fa84fe137be797776037c770ae60704,7tITqCiDuMqKfWhibaF8V7
1330,Desenrola Bate Joga de Ladin (feat. DJ Biel do Furduncinho),273pasBKH18,29ddfee1be0afbdfaf0c4a022398666a,4SIBZgMomGFnrIWjmq7Np8
1344,Minha C√≥pia Atual (Ao Vivo),K73g54E8ZtU,879085b18efab3f32ae3a472fd4e602b,30rrBGpna63eIJ2BrXlWDC
1353,Sei Que Tu Gosta Muito,yukvofr7fzg,5d7c7cafeb6aeea8669a211d7a449a50,0OJ8KWhqLMHkfI59yh398v
1357,Vai Malvadin,NAnrixK-agg,0dc7039161faed6e52a7a6d4d5b2956b,2QKzrzLhg1FtBuhIALSfwd
1362,Assault (Carro Forte),n43oZSY7df0,6c3527913237fadf3a920757987af248,7BwjZ1jy4B0ZyXTY4YQM9A
1364,As It Was,H5v3kku4y6Q,4edf4d4d1cca1eb32a3bf1da54276d61,4Dvkj6JhhA12EX05fT7y2e
1372,"4M Vibes (feat. Mc Davi, Mc Leh, MC Hariel, Mc Luki & Dj Oreia)",UxuSPF2k5ME,9290202b65a3ff66ba3b634b8ae510c0,
1376,Ex Alcoolizado (Ao Vivo),nqNw14agII8,c450e8c4d1fe2caf96ed425d70b66053,2VATVdFqb7QqxfAcQPvNpc
1385,Sentimentalmente Esperto (Ao Vivo),CbqAdDo2yCM,261afeb818c27512cf561b7b76467988,2RnuIritPA4R3UQGVHcdO9
1399,Espelho do Poder (Ao Vivo),MdRHwAbnDhM,444f716a28c5dc8d449e5301408aee08,26CwXo6ahKDUs0h2w0V0Mj
1433,Eu Bem Que Te Avisei,76DWwRaztPQ,12afed63bbf4e36d1c69f70e34ae6197,0E0OENqh3jaZ4VpDFTOLGj
1445,Kikando e Me Olhando,x4QSi_Eb-c8,568582a321c0627ed97092e4c7ccbaba,4a0sqvCBo7aRIS4GzBQpnp
1450,Deixa N√≥s Viver em Paz,lxTFsDzF-nc,57fbdb853a087eeedc3aa7f5483a90ac,0jiDy1aEzi1j4DiMdI6gVT
1464,BEBI LIGUEI,2nH7xAMqD2g,deb5c6c72b673d30995090fb8b724d24,3RbXsVQr4jeTxvT35Hssq3
1465,Perdi√ß√£o,uzSme3PRhZ0,be3323612a6b05b81dde69449fe3debe,0xcdw2bWgJ4lrt3qZJrZ1o
1471,N√£o Faz Isso Comigo N√£o,mqsb7MSgY6U,3d1ac08dfe1a34b88a908f08b3278353,0zTZONeg1hFNplaZGc7siE
1472,Foi por Pouco,Fif726PWiTM,edfb0e92cba1926adaf8ed9b900a4868,6EGggOwL4l8oHucPZTQbwg
1482,Sitio do Tio Harry (feat. Chiocki),MczwQBm6c8E,747979f5246bebcc1d6d46bd9b9c28aa,0a3Bfmq7czUFUsk2VZUA28
1492,Rave e Bagaceira,8Mt5VSW6U-w,e810dcc0401cf4e150366d0cec465109,4cOvirEduQ56JOQVMdWz5A
1493,Cheiro De Problema (Ao Vivo),ZkHSMYIRh0A,5b9bb4e1308a90a4e946cd07a8081640,1T4r0gpswQstMj4IKvCKnU
1495,Aulas e Cursos,qa2-wpVZt2E,07aeaa61e5d869679dbd570b3eea5b9f,2ABBlgwXo68orcunvBYYiY
1496,Piui Tic Tac,n1E4NnqUwhw,5bf225a4f9ff9a186b82c6d24e155bd5,3eHjgv9N0Qoybq667HfNHt
1497,Me Chama de Amor (feat. Mc Treyce) (feat. Mc Treyce),J9AfRmtdqGs,6d91f84edd25346f0788ebd2689b4ce1,3UgXhNsPPW9GGtm8Sey1dY
1511,ERRO PLANEJADO (Ao Vivo),apPxQOfh0ek,8976735a773f245307d2c55c52cf2ea3,2TdOWHAolNaQx8gyRDVS1N
1551,Meu N√∫mero (Ao Vivo),SClzaJuWou4,7435ff6d1e230ef21052067b6744df1b,3XF598RmEUF3XW4XKo1lyP
1558,Tchuco Nela,dEjA3uw5s3I,70e56332cf19318f32c674d2ddb7b122,3ShKPhFkexrwl7WoyTtNND
1590,O Poder Dessa Garota,L2_xh-r10OI,5814b918b04349f0f999fbe260182df2,3emWP5AGvDHFAlHlCOPiqT
1594,Mete Um Block Nele,sKj5Fst0JlQ,4f79f94754b39135bb987d23e8ce55ee,1grUqmoYtQzu6dReoUH17t
1595,Est√° Tudo Bem (Ao Vivo),zP0KRlNPNos,f702bf97d48dc75109b3ebe267c36c38,5iPFurchJj4rszZtGhgCng
1596,Gratid√£o,DQnJGuVMgXU,a593ee51b2e35f0f58f0da073e41a7a9,0EYN8iQmNTIZz0avaUCfHC
1599,Agora Somos Ex,LA-bc9dX4y0,7831fd0481a8de68001beb01284df188,5WbhQF8n9FD52BHW376Vbd
1642,Eu Me Trai (Ao Vivo),MSIvdSxAckg,20390cf9ec41b41855e3aad821e87335,1uTaU46uRmZT8Ucervp184
1648,Gostosinho Tu Cai,lac3TYlarFM,ea9b7e0e75227b787bed1bc285d5bac5,75fCsUnTiDelE4HMd06t4O
1653,Filho do Dono,dUC7TBmzrL4,b893047579e28cd7d5907b70b445b883,0EuRZKWzNptC1ZuIMFKLxz
1662,Comunica√ß√£o Falhou (Ao Vivo),psdZRggL7cI,9b29dc4fd862435ec7cb622f26362751,7bhvRvE56NHBvedx0EeALS
1669,Troco Na Troca (Ao Vivo),-MjBmkSXt_g,b30b3ccb262dc391a60679ddf89d59ee,5hYf5TuZMTIwdnvRMQaya5
1682,Trem Mais Caro,pdkBGKQgd4c,469cb36a978c0fa2983eaf72c9844b9c,00kPaf5kR6D1VmpU6wgfJd
1696,Eu Permiti o Vento,IUNUM0IbAdU,2bde4dc841f2ae6611f637f1e7e1396c,6oJc0Rbi2CosPI7uklUoV4
1713,Teu Amigo Cuidou (Ao Vivo),JTibSD04I_o,6cd68f6642b6cf99a48663289f181760,1Nbmu6QzRgBoEYMqNmI20H
1721,Amiga (Ao Vivo),48s6RGU1dr0,c7d525271f01195e392cc1869f06ab41,5dJDi0ulCDpeTIifADW7pn
1747,Homem √â Tudo Igual (Ao Vivo),uFDkjbD4pZs,6acf6686219229d19a4bd82d4b8d68b6,0qSISr1KmKmXH4UsQ9t5ip
1748,Bagulho Louco,,63fea38823913687d607a3bc615f39de,04vzhKfl5HtPEgrdZJCZ7L
1753,That That (feat. SUGA),8dJyRm2jJ-U,30744963e278bde37369dea19e23239e,7GNRUsU3M4XNDDB9xle5Dz
1760,Quem Vale Menos (Ao Vivo),HVJWX1B9_lo,3b36aa2e6f23c6f42d7aa53cdb6408d2,7KQmQttirI6QTb675tbd1o
1771,S√≥ de Imaginar (Ao Vivo),OnYr3TisCcg,672c264b3c51252610510c665350f910,40fRA3sONEHzt20oKvyhRA
1779,Aposentei o 12 Molas,3rdSK5uY6IM,390c8edc41d9de9e035095ca66350349,4RRLhnGJRuouaX8Qhtek8a
1784,Do Pior Jeito,0hsBzYhz_4g,0cb0596c00f0180bb4821e1726b375f5,2VZYUFNMXM02mdY7OT7LM5
1787,Diferente das Diferentes,nQ-xEKZH-T0,cc66f0456d24f07df65617346f34dff1,22om8TBElmGD5ioOjcKfxY
1789,Que Rab√£o,-NEYgNY8IXo,dbbe27eed3bc742925654fd194b9dbca,71fwkaKdNrxiZZbkzSqmFJ
1792,Medley Lud Session - Modo Avi√£o / A Tua Voz / 700 Por Hora / Radar / A M√∫sica Mais Triste do Ano,0-mKwNMXETo,66663098fa170b4f51f9b1f6377fc82f,7HYdckQd1guaSYVwMQ3SFL
1833,EU BEM QUE TE AVISEI - TU EMPINOU ELE PEI,76DWwRaztPQ,5aabf19f39e2302b81384b313f3c1796,0E0OENqh3jaZ4VpDFTOLGj
1842,Baile da Serra,w7sHsnnQanI,c5e6b2a4dd8033cc543a50413329e86e,45VwwcqkVl61khE9JT2OxK
1847,Todo Seu,lyHNzNMSZyw,aef5461eb4344075434b7783cbbb607a,4NNZZXHgn9F3cCgC1YGmLl
1858,Intui√ß√£o (Ao Vivo),rfkXgby-xn0,be05588561b7c2f8edb68c76573c48df,7bh2ybqXcEoIYL8FwiAMou
1874,Dengo (Ao Vivo),mqYjyQG11GQ,cadb11c987fbc70081d29bff11fa96ae,1vj1mHzIXvm1p4oTvg1eVk
1888,Eu Navegarei,nSvxVCdj_gU,6b89ac8b2c16ec58fcf0efc0c7d7437f,2b93flciAInp30FEZIOrVT
1890,Agonia (Ao Vivo),AYGyhVLmGYg,a0fb9ab7c20bec36537827f3130d3870,3VJl4peS5L3ErpFvlRt6xy
1893,Save Your Tears,XXYlFuWEuKI,7000ae7c7faf494ee352ff64f6750dee,5QO79kh1waicV47BqGRL3g
1897,Todavia Me Alegrarei (Ao Vivo),81GaF34veWA,5ebff4079465bad17fc09a1b4721c08a,6ZuAYPvo7kB5YCmzoTUUAi
1943,"Set do G15: A Revoada Come√ßou (feat. MC Ryan SP, Gaab, MC Don Juan, JottaP√™ & MC Menor da VG)",1vXn6pl40bo,693453f6c6ef611d1297b8d02244f414,7LdYiTZzlxsPKi8kvNXeBS
1951,Apontei pro C√©u,PL19VJ13Ttg,b2776ce9e265220deec711d496e396b7,1le82EhnM0ZIQ48SGaFJRF
1959,Batalha de Youtubers (feat. Gato Galactico),9EjnfMHIiis,edd5c8dfda3b8a6c00945a6d8c514d0f,5hPNTYuo9UMCro1VXTwohz
1962,EU VOU COM CARINHO ELA QUER COM FOR√áA,zPuEI4zHMRE,eb511bdae2a1637a5dbf03dc86e1570b,7qD2vjd3btuOgwpQPEY7ci
1964,Pode Apostar (Ao Vivo),5EuvLJPOuKo,7d27b3f7877a1a95b2decd884a49714b,7G2LNG0EDgU5IyeeP6pevW
1972,Ela √© da Bagaceira,XCBTuf62kps,1e273c1b3cb1a469160d825ad92e9883,2h8mN8WkvlJN7gFMKOhpr8
1976,Digo ou N√£o Digo (Ao Vivo),Wv6xQMEC-Wo,280b47af8f4f0b51e5b4ef25daae0d92,2rtsT3CefzKc05JdAm8aQ5
1989,Cora√ß√£o Acelera,,f849f288fb6e4f4860301ff2555599fe,5KYSxBduEiyFgFOWpc4kJa
1991,Pacify Her,9u14-QBPzSE,e28688c977b5cf638740444f1101bdf5,360Wr96ywrCQq4kTAJ8Pq6
1992,Larga A√ç Pra Ver (Ao Vivo),JXRK5WWJTfY,1366eeee7f6415068464c5e54629092f,7kzFnjDEbftVgf7HL6xf9j
1994,Folha Seca,auF-ZZQmNRY,becf237c90a9ef1db8b8dc7516f61122,2q68kNC0pxOr1z0yGxMxmF
1996,Amizade Colorida (Ao Vivo),xSyaH8m4BOA,55a4d6edb52ab828b8912a7410a1c28b,4uIYCOApjT1S9cSRucqEKQ
1998,Dandelions,y7tHZ3WeJAw,b87bf026bfb1515da5eff6b50ed9804b,2eAvDnpXP5W0cVtiI0PUxV
2012,ACORDA PEDRINHO,d-tx9D4a8dc,90d977cdddee2d4a0d21de1c53094724,2sUhjzuc6w4SRFwoC3LvXZ
2028,Evento Cancelado (Ao Vivo),2cdF8Y3J1e4,f00a43e0596735d38331409acd8e1bb4,11fqunD6qlOCrRd88kMOk6
2054,Tu Tava Na Revoada,GmlBAosY3V0,90b353b89da2553d743df787ba44a4c5,3TIb3AjhRWnxQGQEcFmgDL
2065,"Pipoco (feat. Melody, Dj Chris No Beat & Luan Pereira & Dj Chris No Beat)",69JAoslGYI8,23d5ac1b5940a691e5d57ffa2d0ffac4,1mimc5QiUuwmVYdXkWvgOQ
2066,Vai Doer Mais (Ao Vivo),SpyKD3Y8I3o,1cc28620dc2e689d65c6d78b18049566,2QGYWAcAiXFrZE8zCWQchU
2076,Ama Porra Nenhuma,k30_iNzKpdc,bf5bcb07c1867545710f3ca94f83449d,2wiFzIv7FevsAp1lPyIy6Z
2081,"Cacha√ßa, Pinga e Puta",abJ_D63DqUk,f590038e7d96355a404236e6ecfb3322,7IYnUFKOoVMFr3tJgbUSPm
2084,Amor de Fim de Noite,jBE_X3cMCyM,541e8bb214e176891d8afbd3625618a5,1Nmcs8zk7LfcvHRgLtTM5J
2086,"N√£o, N√£o Vou",48Wc8Sn3kAo,a77005d080bd15945ff8396f91853e8c,3jSG8oE8doxDxmpe5GlFee
2088,Amando Voc√™,xo8bRHy-Gyg,7b41acc19d6f0334046f17a564c8ca0c,61DKn8yitHNsj279jNs9h1
2096,Pode Ficar,CvPiyE8SKZk,fd027b81fe0a2c18d0fc733b807b9b9c,6SIo6ZNtDG2Rq3aXuKZRtf
2098,Nois √â os Cara,wumB0Qs2YT4,ab37d3abaabaccff91820a7309cb181d,2x5PLunXnI9Jk5waztIZw8
2104,A Cara do Crime 3 (Brinde √† Liberdade),3aKrgl3-Unc,548172f3407a577f8f3d2c74985c070c,3fSxnkjdgPucRCskjmAlgx
2130,"Let's Let's Go (feat. MC Hariel, Mc Kadu, MC Marks, MC Don Juan, Mc Luki & MC PH)",Fh9lQcV94d4,59636831287963c4c8669ee658005130,3Ci8V9ys9v7TPYyNt5WWqg
2159,Running Up That Hill (A Deal With God),wp43OdtAAkM,3bd7ee51a2a4038f76227ba5bc03a4d5,1PtQJZVZIdWIYdARpZRDFO
2160,Eu Te Pegaria (Ao Vivo),cDRIhyYt4Ew,8f88f3f2a65da8d57e713c21233598e9,6LrO6WeAIb0lnAdugdFMjj
2170,Nem Namorado e Nem Ficante (Ao Vivo),D-HLUqfp2Wc,9a9e3a1903ac6e1ceefedbf5f8a997b1,6bwx7pcKJY05D9S6CVa1k6
2172,Alian√ßa,I6-MS7YqDso,ca15ef57c22cfc62007a4c29497b479a,0UbpJ2jRYTSHRy61viIC61
2176,Para de Me Assistir (Ao Vivo),n7xMP3Nwr6I,40c2f2a03f7efee30223633603c2870c,4GF7CEf70lzZQwdYaiiCpY
2179,Pino da Granada (Ao Vivo em Rio Preto),CWJc5gepckI,ac066aeb10a78663d7b6e86f123b4c0e,0MKd4uZd8Ag8qyReZBTarP
2186,Joga Essa Rabeta,pIr6TjG7Rko,68cd791f20d0311099d658e762de4cf3,2UXbsA8Q2tg90kjEn2gV7j
2188,Espera Eu (Ao Vivo),YFyczwN3p_M,f48f7ef3a7b800a843a3fcff5a7474cd,45YF54tW13TiB9rgIWs85B
2190,The Cypher Deffect 3,C1CyJW2D0zY,0d5d6fcfb2b67903db396c0eb4a73fff,24THjBgQ5pBt7aipk78ti3
2191,Vem C√°,lV2plyhSRBU,918f1335b3067ffd8df2240fb417c64e,6hiKXxS7pgPKnKfCU7UJ6O
2193,"Vida Loka, Pt. 1 (Live)",IL1epaZCTmk,1142c7bba23c66a1b899b8bc532d3d62,5vAzkXUhG4MYoviCcX4nQm
2195,Another Love,MwpMEbgC7DA,0b0ebdf3413d67190c19136522cba527,3JvKfv6T31zO0ini8iNItO
2199,Toma Nicole (feat. DJ Menezes),vW1b3hzfU2k,a964709469cfd8b77cf8c0d36b1a1177,2X5QhHWp9kESzXKXhCHp8z
2212,N√£o Pega Ningu√©m Ainda (Ao Vivo),y3FdInN6n48,1535706632aabbe6a5dba05d6d4ec0cc,2LEV3lTRxKqLBfmt5BWkLj
2239,"SET MK 2 (feat. MC Jo√£ozinho VT, MC Ryan SP, MC Neguinho do Kaxeta, Mc Kanhoto, MC Don Juan & DJ BOY)",H7yym8n8nLw,833ee79e2a9e545f4e1357477f2b298c,2s8kT1fuBVjxept8bH68Sw
2252,Poesia Ac√∫stica #6: Era Uma Vez,jK2k1P56Cno,28adeb5bced64e04c26bcab440218a3f,13Rf6RaZT13TW4xLQR3MQr
2266,F√©,Tr7mwAGTdK4,38ea1258dd5896e39becdf523867eaee,42VsgItocQwOQC3XWZ8JNA
2272,Sobre N√≥s,bD6ifecX6rs,94701ba66d0f450983934a9410a056e1,5K1n3LwCVZg2TE9SLgIwem
2278,Caminho no Deserto,AAvjEp7u9tA,b50f7f91a4b355fd6e9d0d546d856f1d,6n7Vc2TTjvn26YCIGw1Ixf
2280,Ai Preto,NbB6qMA2lts,25a7b373103dce89fb5043897d8ba239,5vC8UAOHeG95ehRzZChniB
2281,Poesia Ac√∫stica 11: Nada Mudou,FMWiJwLG0j4,163fa900cb4b5a8bd419f4b389eb7cab,6giaOyDFbE4J8iclhCdW7E
2284,Poesia Ac√∫stica #9: Melhor Forma,e1tZUSriYM8,4bb098e4cb61d36b128edfcffdba36b0,2fmeSswdyVq4wcqhY41UHk
2285,lovely,V1Pl8CzNzCw,4cadfbf429ddba55d2627727065ac1e8,0u2P5u6lvoDfwTYjAADbn4
2293,Historinha,cY7NVK5LqOg,35b20e5988d3ef7b9b723fff7cf48608,7byTUdupcQ5dSRd3D9jAQo
2295,Vagabundo Chora (Ao Vivo),5pHiUJONzgo,3c613f20192072f116496ab991e0038a,2ebFBmle5uXcdbrCAOvPcZ
2297,D√∫vida Boa (Ao Vivo),Cwrur8J6otc,643c21968988a2f5857b301b7547977f,3BnNH7aB6eGScKKU8gAHhD
2299,Falta Voc√™,Qj-qS4aV0UY,a4433dd4d7da6f63f7557a13523d6c17,14uWxelOuAUajP8fDvc0Ct
2334,Yet To Come (The Most Beautiful Moment),kXpOEzNZ8hQ,874a2d074b1a8230fe682afe7a0fc239,6cCYtSA6HiPMHORn8AJkQv
2336,Hotel Caro,PQrWORayZTc,173bf1e7ce83ae405139ab33f0ab127f,6BF3nZQkAg9qvE0DLVSfyH
2348,Predestinado,kqPSfz_bCX8,a296e0a7d12dfb0fb93ddb9e10a95430,7eZCP5YHeqVsIGaPp8y9ac
2368,Louco e Sonhador,o9XUR25BxGo,5717de2eab6bf10d1eda8292fdbbaf3b,6hdBsNsVESpjbnVClbUa3y
2381,Quarta Cadeira (Ao Vivo) (feat. Jorge & Mateus),BEz8l69aI8Y,e6a5ec4a8c102fc702d302f2575b9958,5q0NlM6Pm8Pp3orq7zGiRn
2385,Revoada Sem Voc√™,ho7eGlwBzfk,b5e649f48471f8511281021def46d2f3,1RaXsunkY17Q43HFvD7JLh
2386,Dior,cE-mBCBuxYQ,94092b230f88e47ae8d811aaa46aa636,79s5XnCN4TJKTVMSmOx8Ep
2391,Festa de Vagabundo,8xxXjzRlcjQ,3c660b6e6d027fe1998f040077987fe8,4i9WKFDJP0MSl5moMbHUfm
2395,C√¢mera Lenta (Ao Vivo),Bs3kAyGKgSM,de493a3df8a30e0f47ed407df41a01ab,1VYKUUTW1tADZ8SSaQyihP
2396,Pras Novinha (feat. DJ Pedrin),vGBJmgZSeRc,88914c4fa9abce87cfb7785a9bec269e,3qHN7TSBfVQPF9ojUVT9ZT
2398,Amar N√£o √© Obriga√ß√£o (Ao Vivo),oMtLKDH_VtE,436adc0894a576e562be08d15535ed2b,0Hq8BIeqncKi6BDD6zHLNt
2400,Bandido,YxGYumo6tpU,4288817ba94ed3238a8c590bd9dc1284,1xK1Gg9SxG8fy2Ya373oqb
2437,Sonho Dos Cria,aopp7-PFD14,ea0570d79541400f8b0efa5389743571,6KKT8dzP21J4WwBp9swjob
2443,Baile no Morro,4zhowmwBCuw,ec54c082986b110849e9eba68d894a5b,0i4UV3HjjvsUuV3BajEXoD
2468,Konteiner,F5g_jZSA53M,286b5cb693d2e8fe96fa1433ffb2123d,347KmRWwYXcZSUgelz7Cit
2477,Tudo Nosso (feat. Anitta),7xz7zT9Siek,8daf32b6b1ff720865bdda29bb49d73f,5qtQJJqJUjk2zNjRroqgLk
2480,O Fim √© Triste (feat. DJ BOY),BZ-9iYlDpXc,447820f7888d1bfb53963ec75112bf38,0yDMhYTryvQoR634wDgQ1j
2491,7 Meiota,qeFT0_8LIQw,a802c07d7361faa531b0ee4b9edd95e9,3jrxlhAtoxi83qc76NT9EG
2492,Jhony REACT - VESTIDO DA FENDI - KayBlack ( Dir. @Fernandezz.br ),whSGnSsOJPo,f607f22da7411f9006d0f5df5676ce8a,0pZIBIJ253pH9gJtXE0Ouf
2499,Cavalona,KRzpY1G5OrE,c2ac757334312786ef2512dd6c6e38f9,0v2Bc9YBplcdaBk7oEHliO
2576,Jovens do Reggae,3BBWKeSKgiI,ff243146d850e40774c67cc9386aa096,3HdEOUNuFuoWj06rXpQQ4o
2583,Set Tatuap√© Conceito 2,nbTAKkjnV_Q,727b837b64927d2c780355b7d8192eaf,2VbKpQWIMRelKmEy8rSCAf
2586,Left and Right (feat. Jung Kook),a7GITgqwDVg,cb95d06d7ad83a52746938ae4aeaddd9,5Odq8ohlgIbQKMZivbWkEo
2588,Aquela Mina de Vermelho,hMOhgdSPEwY,3abb2a015fad00060532fb6c1142ab6a,7FvBXZ4LWW3WZx78c86GUc
2598,"Bruna, Tu J√° Parou Pra Pensar",iqXhId0sDts,3e9c4afaee058ffbc3daeb35cf6108f1,7qq40cRIYNKZCDt1STfBqt
2599,Deixa Ela Em Paz,zCIcLE1GWUo,3179757f8d549df8191c07227e8e899d,0HIhSuAe5lq7ywxqlAt5Nl
2611,Tudo porque voc√™ mentiu / penhasco / De rol√™ / CAF√â DA MANH√É ;P / Doutora 3 (Ao Vivo),1OC6L-ekUXU,34678b326c03548fdaba10d6faba306e,3JFB72hbbt3zy30puJTc3q
2647,Casei Com a Putaria (feat. Love Funk),8NjXVsLHIg8,5696911eb78346a2ecffe82169506921,1OZ4uv7OAP24Ix6j3vojLt
2656,PERIGO NOTURNO (Ao Vivo),ZWopmb4du0I,e4d3faf3336de62493c0e742695465c0,4IX43MpJlpxzRMLb9QayrJ
2682,Virando o Olhinho,7njueXmgObo,bf74216b0549ce9a44a806e289cfb8cc,3lQnTQFBxk1HMsj8aa4syY
2697,Only Love Can Hurt Like This,PaKr9gWqwl4,bde8b1ccc9f76032cb9a27a41db18970,62ke5zFUJN6RvtXZgVH0F8
2699,MORE,pKdBFeewZYE,ad9d01514576e2335e53cc4ac34815d9,5OELUCYgOHKFAvCERnAvfS
2709,Fala Mal de Mim (Ao Vivo),hOGuaMazCz8,d885c72c1f287b73a784b6080d276121,6gEOM9IEBzvTdbwNrSkBdC
2723,A Nova Era,-gysEtnzYEw,c850f0c7b1d1519e7d160b34e9b75125,4phWuswkCNopB7piK6E8Mb
2758,Batalha de Rap,fvSim-VCR9I,119b19581c2865f0b524c612d459ece9,1klxmiHUZQayRiVeBvER16
2771,Sentadinha Diferente,GQ78UQAgLCI,c4f65e63f812c81288c02d64af8399ce,1XcmAgREOuJQb91sr68AAD
2777,Escolhe o Bandido,OaAqhlU6VjY,ae681c572f51887b4f706522846479c7,3QxKHcpNt6CWNUYCLLBHeZ
2782,Incendeia,fFeQDbY741I,ce7ddbcf6a5f5a3540f13d38827a7121,4m1mqQuy34Nzh0480VR364
2785,Joga a Bunda,FqdDdGrB4tY,82f325b7bbc68aa34cf74b7e2d41dc60,7yqVMOCUoFUKc9hwLCvgDI
2788,Tem CabareÃÅ Essa Noite,WiNYFwIfg4w,b8d0d154bdfac2dea7c5bd6ad4b7dd21,25rz3D4oroFC0GXm3xFXnG
2791,Baladinha Rural,d6kGhbbsbu0,d925c1be67fcd70aa0d13c7f05502fbe,5BYb4O56IJ4Vlc2EHCvkHG
2813,CACHORRINHAS,__ur8Ykcivw,aadaab2028056953e835075787178103,7KWKWJnbGJ3Soag6Oopion
2840,Vento Forte,e6yUmOtchLE,8cd4907c6f096d32fa5ab5f215a32f62,5PSkF3QpVMlAx8U5Inxj39
2848,Metflix,_BfZRdFFdE8,9f98a59004116d0faef37ce9621814b3,3ZtHHGpAPSWC7Gnios4lmK
2868,Pixad√£o (feat. RUXN & Mainstreet),g5lA4RNFT3I,12232a378c1e35fee0a5581f30880d66,2Aqd41ULlEfwlcMQkcOjAC
2886,Exibido,LPoFbsAT1sE,3bae3512775aeb36911ff1bdf63a3453,4Exjs0i5CFfKpIegAqcYOg
2889,Os Mandrake Curte a Vida 2,-yOnT13j388,b4a4a157db0d730469f4306f2c879333,4byZX8quakgDjZjercKJ0q
2904,Te Amo Demais,P2qvD7LRBAo,13df5f244f631e78607db60aa517708d,4xxeEWGQNFQ6qehlnev5LS
2920,N√£o Era Pra Ser Assim,1_cXtpgG-EQ,f73126c958ad6fe192c50d9f9e26227d,53V8gDkg4I7vDKnIyEuyoB
2936,Sendo Assim Muito Estranho (cuida Bem de Mim),6feNceQ_EZc,a8accec95bc30d527b18faaab25cd3a9,3vP4dkFp5iHDuKDdLOJJZb
2945,Eu Quero Recair (Ao Vivo),b_9yVWUJzS0,e8ad15c9283d1221b5ee2fb068ef3d9c,46Xq7I6GwGzFCXVuit55dE
2954,"Te Amo, O Que Mais Posso Dizer",YHUKk5UC494,be8704b5689dbc32f77ff16a7d000b3a,66K83nVy3aTJ5zLxbiMi7I
2961,S√£o Jo√£o Chegou,VaLJO9ycpYI,d512c16b4911daf48c93db59d9e9da90,6sZYCAvTEYjTtQ9Tt5ACbX
2972,Gostosinha √© Ela,zSRjeUpQUwI,b4fc05b07b321416e76203f996357d1b,0XyPPyGes0omXppV5YE8gy
2975,Haja Col√≠rio (Ao Vivo) (feat. Hugo & Guilherme),qjxNM9qF3LA,81e10b4f0c62e0a1287e3cad0c8af553,1ELsaYdj2NlxLvkx9g24xZ
2980,Cabelinho Meu Marrento,yoPNUwRkDaw,ac0aa30b2d5305c7c8fadc8b65bdcf30,1WHTXO4F3baGGSMPbWOEx5
2984,√î L√° na Ro√ßa (Ao Vivo),pPxs52_MVIU,4aae0e904ed5fb5ebbbd846c0a3576f1,71VNsncPcTfQiklVO9uXfB
2986,Por Causa Dele (Ao Vivo),MBg5g2g3okU,24c356241c9a8679649afb999d9d3bcd,3fpsR525Hmk4eBm5wfJIQW
2989,Um Sonhador / N√£o Precisa / N√£o Aprendi A Dizer Adeus (Ao Vivo),HgP2KU16O0E,ef6c55e5d641d68190b6606de4acd51f,42cdiwjkfYVjI8JtAQwsG5
2994,Mina Sensa√ß√£o,BedRL-vSSoE,1dc89e8571fc4e5dc7dd1c54aa8fac24,4NWqFtTU1wnvlsU7XjeIGM
2999,Good Vibe,E4J0bFa4d0U,ab84410bd3a7134d44a6f26bafad0e65,1XVqh0dC0PIl72f2mQhsVt
3035,5 Regras,VFWKrXxJEdM,c43b3e40b018abb9e2b62d97cd5c2bbe,3gCWngngUs1uojw33vrE8K
3065,Doce Veneno,thfYx-W63ws,496b3030fb51bb64bd9f92d2b99a6851,7woVi4HBuv0rsO98Ox2Fcq
3088,Viz√£o de Cria 2,Sau1_hWFHJE,7716957abee69bb3b292d86ad277ed69,4eTtgdIXEy2LvLeg7NNSov
3089,Ready For Love,GDWX-3kV6do,1e3e3294885a1c3459d126fbe51d6a57,1Wwh6gmMeolwzbRzfZMY5b
3098,Novas Publica√ß√µes (Ao Vivo),gWEf5wVoPrc,f0814af4da406fac5d719075f0983469,2asWjyZRwweZzIyPzjWWAF
3122,Perfeito Pra Ficar Sozinho (Ao Vivo),IOuLc9ZhLuQ,411ed67a54db14b60a74c445508a791c,4cxQWmXmmbFoWvV8qipQTe
3132,Cheiro de Balada (Ao Vivo),6N7qDswjXu4,41723b4ffbb7d11122260bbe4df56794,2ykYxd8UGHOsdjP3Z5jSHh
3133,O Chamado,N9liPvylviE,90f32d266d54c7d3b27fae1c6d4f5dd9,56xYjxmkJxnpBVQi6pLSiL
3143,Melodia Alucin√≥gena,SQ309FXp1KI,aaccc2c86d506867992a8182925aff4e,4x5q5T5mhE1xvoCVXY6qrN
3161,Gata (feat. Chencho Corleone),jnqDDWsVmGA,a8232e40f7ad3ba3bce39571f88d4909,3SWjpNMVUi5UXz096NbfPr
3169,Ent√£o Valeu (Ao Vivo),z-XxedqPsqg,41c1febab10264879c6087bc0d2b5b61,5pNkAOWmHMAeEzenkvBXty
3174,"Favela (feat. Love Funk, MC Neguinho do Kaxeta, Mc Kadu & Mc IG)",8eYtGcbBkU4,ec38cccf9a858cec017f54ddfab0e6bc,5eQfu0beIMEjYZGVj2paSF
3176,N√£o Fosse T√£o Tarde,jd00enZSNFc,7b99027d2e6e67f5d780bc4c6f60488c,1KHWBJTX7apuuYsEmqZLa8
3188,SNAP,Lo4_K4relMg,ed1febabaa4c89c93788988a6e935830,76OGwb5RA9h4FxQPT33ekc
3192,CORA√á√ÉO CIGANO (Ao Vivo),Vz4Sb1bl1IE,7d0075e889ca4d88837989bbea531e23,4vWh6tEfcLzdvYWp2IlOJS
3227,202,ZPo_lMVkAxo,02a63b1b54dc567fd932d9b864c4a37d,6TJaoJX8VhptZ0DkcsjWaR
3278,Pelado,3EtO6VToULk,6eb8adb553706e667a1cefe24d3a8818,2iJpjciYl8vfQbb543b5Pb
3284,Deixa Eu Te Superar,4lFYdHFaLxQ,0342cea7bb9e3f8efb11de4a2081b058,3F7dI7onLGCS6xMHh4jUoK
3287,Voc√™ Vai Sentir Saudade (Ao Vivo),EReAqpW85jA,a0091c77987ca1e465910ef7b6c7187a,234grmyKqaFMqtCwHHso4u
3292,As Menina da Pecu√°ria,vcS7MXjupgk,2a9cf92d4e6e8f4ac1d0be75f3a45c99,5BLGkc9wHsHQCccFkmZi7o
3297,Under The Influence,pfxyk1glEq4,acfd1a0f2df5f670cab18bc6083adf3a,5IgjP7X4th6nMNDh4akUHb
3299,Ch√° de Chifre,8x2QxMZIUH0,6e309b01eb676a83e69fe290fb083d22,0s0lmgxUpQLdLx8UkmsTlP
3305,Pink Venom,gQlMMD8auMs,8733f5be79ca202623760d2d4c39f309,5zwwW9Oq7ubSxoCGyW1nbY
3350,A Culpa √â Tua Voc√™ Falou pra Fulana,bj15pZE_63A,aa3213b062a908a27916a1e24f6f2580,3jdvNmhtvtk9bFb3vb6E9s
3358,Balan√ßa e Bafora,,35b0af190b76b3ffd4ebe2018c87fa7f,4iPYMp0aMXPhBgFdGrj3ru
3370,Amor ou Esquema,XdyRZrVYTEc,9235bc66426a0ff0e91c05d84e6b85bd,19RJnfs2PjkAooSGjUQqix
3384,Lado Nerd,pPYMJQ_n8U8,1712ee66b2f039096d1e938653376391,152JuulFiSlmLQU1p3oM4b
3392,Bondade de Deus (Ao Vivo),mZ9yZYo9Mmk,81d12e38d6461be1ab3391953e6f02ab,3Sdr5VyJWa0D2U5QgcZ9jm
3396,"Noite Paulista (feat. Mc Luki, Gabb MC & MC PH)",SklvRBIrI88,dafa4d24585cce3edcc617ab64bcd2db,1a007rHiLXXU4B6cLhKPPj
3424,Ins√¥nia (Ao Vivo),NpRT4arxb_Y,d8d8e7e1ff6c88854e38574083c40074,6dixL41bzZUSqoBqsCALKq
3451,Cigana (Ao Vivo) (feat. Delacruz),lZ_kegYXFWU,e902225bb5c304a89390c03dc11a2d89,2GBwxkBpmhs9UoDxsBeP4a
3480,Na Movimenta√ß√£o (feat. Faixa Rosa),NyFNxqCjCcc,4d54a23d3b0948b18cf6e4e9a98156ff,2zpiccjPSl315SqthyDf9j
3483,"OQIGAP? (feat. MC Ryan SP, MC Cebezinho, MC Hariel, MC Rick, Tigre Gurreiro, MC Don Juan, Dj Oreia & Ferrari offG)",Hn6IdUm0V58,b1cddaa53912684f2f50a63e946248b6,1K6k2uP4EcTQ8xCGIb5eYl
3493,Sinais de fogo (Ao Vivo) (feat. P√©ricles),fWKsqzzd6l4,2c9c6269a5c2d419adea83474594983a,5Uq1ta57YcmShqMyPmVyyO
3496,Talk that Talk,k6jqx9kZgPM,ae9a563f2326b52c659f7c6dd34e7fc5,0RDqNCRBGrSegk16Avfzuq
3507,Set Wesley Alem√£o,,69bc3f80db5c9cd69cda199c819603de,5fstoJBdyj9Yvhe4W5hmEP
3516,Eu Tenho a Senha (Ao Vivo),deVm70yarNw,a9c9c2ac4bc8f6e474f458fa3525e6b4,5MBlKJCj17NGq68FRHAY3Y
3542,Quem N√£o Conhece T√° Sem Internet,oc0wsia4b3E,9d38e907ced48aa4781cf2458e58214f,5mJFh4iRzgmWuEVPG8257V
3551,Te Love (Ao Vivo),vBQbH4mA_z0,360f8996ad92a64941c169f4ba0214b4,5t7E1z1kVtHyPxWNmUtXN4
3582,Giro Loko,1CIIIv9dfzg,a8b4daa5c63cc2b1171395e3c146432d,1W7XMb2ijjwaCpKgQ5pqiC
3594,Meu desapego (Ao Vivo),hAw6QFzXjOU,0ee0a830cb45b59e23d3a4e353b90f92,4J6Mo4lgXcVirTQzOVHQyx
3599,Nosso Plano,A2HvRcZlHvg,d780b90e9ff4eac7263c0a23451bd310,6Osx48GFk1BORtWeqq2PQV
3648,Bora Bill,O-FFpy7em5U,c8e178c3bb12a9236d22194c1a4866f1,0AYpmDJgiWUZeFyNRQNYOL
3662,Paradise,1G4isv_Fylg,8a2946b173e1e6a70817740605c99c66,6nek1Nin9q48AVZcWs9e9D
3670,Azul Bab√£o do Roblox (Rainbow Friends) Vs. Mussoumano: Batalha Com Games,sNqb8Qbs8iQ,e78f2138a2b8af01dd936083f7c34e77,2jGFwjcIPTk2uCxlcBv4Qz
3678,Yellow,yKNxeF4KMsY,c61e6126256755806622947177c78454,3AJwUDP919kvQ9QcozQPxg
3680,"S√≥ Era Pix, N√£o Era Amor (feat. MC Hariel)",U2rocqmbqBA,3c5740575987489c869165b15144860a,763hp5LccmT6CrpsnA57zc
3682,Eu Acho Que Vi um Gatinho,2wfnx-wDFbc,0ed53cbd770f66417e15052d94ef25f9,3JJXjB4TtfJMQSqVl1Ul9y
3683,Sweet Child O' Mine,1w7OgIMMRc4,c63e0f5d921012dbf92302d2ba28ac1f,7snQQk1zcKl8gZ92AnueZW
3686,Esquadrilha da Fuma√ßa (feat. MC Ryan SP),wD3qAEoAbAo,892da0677443e3cceb669c6436f64b1e,1XlFMIer2WxuSUKb43EQID
3690,Tapinha,tVwOeCIj2sM,2569bd105954e9208eb35b7844dbc330,51kGHvWwCdwbHWAVXnwPSC
3697,Viva la vida,dvgZkm1xWPE,d86f54280a9566c77675aff304e8b4bf,1mea3bSkSGXuIRvnydlB5b
3698,Vestido No Ch√£o (Ao Vivo),fFNt_dC9NyU,e5f2ac5c0df34d389eff8b95d584c1f8,6eEfWqmIvIcdSGhHOfZ6vf
3709,Shut Down,POe9SOEKotk,05b67dcfff2e6a2c4a55ad37bb6f5526,7gRFDGEzF9UkBV233yv2dc
3728,Tropa do Mais Novo,Ww056PGMT8Y,6f25efe1b0885f828e16f9f26e233589,4s2yKemk3Fu1UMD5cU5UYd
3734,Temporal,bwGftC32wNw,a79feeaa0b526da77870dddabb6ece02,6hV6GdNvMiEWbVGu8AMyo6
3743,Poesia Ac√∫stica 13,69-jnA4QLSM,70a891c581921061fb7e3cf34fbc13ae,7qoIhutxU269Zqo9PG5IOj
3751,N√£o Aceito Mais (Ao Vivo),sllfKTGARPU,7cd0c096a7b3bb8730e3e35675d83414,1nRUdOJwnfHPpt6sjXph7l
3757,N√â SEGREDO,GqLrlHHeww0,717a858d468dbc35d466b21d3d3ec17b,4pjznsLeoyimnxGlVpmyJI
3787,Boca de Mel,EaWSOxIBhS4,f56a055b2d7fdfc0644704d6569ec231,7yYrG1nIPeZdLoA9tfU8LL
3792,Se N√£o Tivesse Ido / Frio da Madrugada / Mensagem Pra Ela (Ao Vivo),fyEW5nT98_g,41f93ae347156c5cc3848d0dda288875,1zDN8pX2wk2LFl1zMa34WJ
3820,Felina,wFBp_PHXrf4,4a543d4fc4f1da8e9d77084a0233a9ff,3QLApyuGYQdSQZTmBXFaSt
3834,Unholy (Live),Uq9gPaIzbe8,90d2b37bd7476a253cb011d4d2fb4ab9,6jyuIZlO16yCTtthnhGfO2
3869,Eu Gosto Assim (Ao Vivo),af8fdbaB8JY,c3157827a4eb25d282c0dc3659aa3e88,4ASA1PZyWGbuc4d9N8OAcF
3882,Assunto Delicado (Ao Vivo),OjZNMnmUVT4,3a4bf7151346622b2a8d1cdf1df00c7d,3yHXEidSu4gYVRqKoI653O
3889,Farra 100 Limite (Live),J3H--06Xw6g,4ad7a4224935cdead526951d0d36a337,7HhiRXFhkESVTNwGtzZAim
3890,Pe√ßas De Grife,emCOBeMdK18,345d28e6e993b794b4c20f4921c9e2be,2ehLqd1KhBriwga6GI6qLW
3891,Acabei de Terminar (Ao Vivo),VAMuj4EtlL0,bcbb78ea69c9e9665e75cd83100e7c47,0BWEkqsmPe3qOzrRVztHU3
3895,Com a Perereca na Minha Cara,NOIAGgSNzAo,f141a092a7ecae08d5ae649e88b219ff,6mhoi3W3FwBgvMb2fIfIsC
3897,Pagodin (feat. Mc Kadu & MC Robs),6CSacAvzPbo,a14745e9b6e0d7c20fa645f4a6caf83e,5cji6LNml8t6OR2vGkPXmw
3899,Sem Voc√™ (Ao Vivo),oitFyIjOlPg,52e55fc3fbac53a63d29b7a21a7194a5,0CfgGMbfJGuLE45IDYYGi3
3949,Alem√£ozin,rALK230exU0,5b3fb6eb69a9a74dd41feb6f6e40c057,5EVp0cwLeiTN2HoQyX7AJY
3963,C√£o Sem Dono,n-YI6SpWZyE,624d7366e8b5345a90d8c7f76d88d776,0D0GhRImBnK6sV2iMBLQAP
3977,Mommy Long Legs (Poppy Playtime) Vs. Mussoumano,UiXo1yQDd38,6deb1c95ecac02dc11632a335ec3acf7,0ClphQyjkZ14OEHXh4Epk5
3990,Mal Sei Falar de Amor,BJa8zgf0cdQ,9005953825f88ca447dac1e942995a6f,1BoMpKPeITtg3HN9Ursz5T
3991,Horas Iguais,hr_83ZXhmOI,6a20ab92138a94972233cc41d7d76e92,4m8kG46clzxMxyrDuFo1Uq
3999,Espelho Espelho Meu,fuqu_j4mMLc,7f433ece8cf6f34746c0c225258e6e6e,0kX0kwDC5vmCrrn2CTF0wc
4012,Ex dos Meus Sonhos (Ao Vivo),d7NMHcIecCE,e56fbe2320101b8d56a13690149c0507,7LUZT12r4xmwR1Kh8TJgjv
4021,Esperando Voc√™ / Mundo Inteiro (Ao Vivo),FQgZAj45ojY,fee9a74529b840a1177abefba69eb84b,2uKoUneR3ybqWbOEP862Pc
4053,Pega o Guanabara (Ao Vivo),uBc1wkTMywM,db934f5c4ed025a2b2f424bd86dc2278,7CIj5SFTB6WPJrYjLZN5bp
4066,N√£o Fosse T√£o Tarde (Ao Vivo),s9Kdh7RAjIY,66f01eea94945d1166f1d1e75475c4fb,4pzRxLzkLjnqnrOL0VMV5w
4081,Bafora O Lan√ßa (Reggaeton) (Remix),iddNFdJO4rc,370196f8a4b112be682c0cc1636cf0c5,4NFkcqZ3jU2O9rgEbuluVn
4092,Dark Horse (feat. Juicy J),0KSOMA3QBU0,4c3bc05d880e8a8f84159a5063e3108b,7FON641Bw6KPDcJm3TxriQ
4095,Cheiro da Karolina,9gbWg7EGFEc,c45f49d63d350f9bafeb83179b885fe6,2M5rKoRbRzzVBSlkDN4MMh
4115,Tubar√£o Te Amo (feat. Mc Jhenny & MC RF),tBdx1b40rfU,a02b31f699267f8f909c66da49a02669,4UldILPVpnZO69ffK4B9aA
4139,Nunca Mais Largo Voc√™ (Ao Vivo),Pg5YnRULxuY,9042535cfb10d3d2c16aee4ecea3f904,3uVqZNl1L8NgbjmB4GwSjI
4142,O Pre√ßo,nGmITmSf0X4,87796f584e5e3e386e96f11c4c3ccd59,4Cu3aKqUWEHtqIocwINelJ
4145,A Loira a Morena e a Ruiva,EJRthCh9E-Y,e07ae69223de48034622d2c478dd64ce,1lazh9gDhkJ6zOL4nUq5uB
4155,Reverse,Y3lnyy515tc,4836ddead28b8a13309b75433d8ba585,5Vvu6MkyvNVdbsD5oV49Aw
4157,"GTA SP (feat. TrapLaudo, Mc Kadu, MC GP, Mc Luki, Mc Kanhoto, Menor Will, Lil Kid 777 & Danielzinho Grau)",EAjUa_vfshY,9b6e9ea08747c584b858c90223b75951,3bRWGhpeNUkJfFydelSwBk
4171,Pra pra pra,fvCyc6-eBgM,67ab3e3f30b23b69c72cee511296a623,4tDUIRZU50xaP0uRAGklqy
4175,OLHADINHA,LgUge9CfHPs,e94e2b9788e1074532fa429c310748ae,0pOZWyXIqROnYI24H5AVsk
4184,Primeiro Beck Ela Me Mamou,oGunJrS8SWs,1bd0bcc135ffaa89e170a2c0da09329e,4QQTPEwqE4Aq7LXSyIgSci
4185,Mel do Egito,0RzS72cvqbc,91442d6a674cc0deedcd4957015b37e4,58VUikMywNpRelwEx8khdh
4195,Balmain (feat. Caio Passos),R3EAwjEn0vg,345bf8aacde4cfce6de005c758875480,5mv1po6d9khHzWHp0C2yBs
4198,Summertime Sadness,nyuo9-OjNNg,8a0010d8ff12e4daad801ca6896d2273,1Ist6PR2BZR3n2z2Y5R6S1
4209,50 C√≥pias,VA1PMms8Vio,d8471e6e54ec84b299949fc7b5036c44,47n8NE6ZH7sHQ3UUGGwod0
4223,Anti-Hero,b1kbLwvqugk,c698bb4ec271d343deb4d2f693320c82,0V3wPSX9ygBnCm8psDIegu
4231,Novinha do Onlyfans (Tchan Ran Tchan Tchan),vdbhKBGbsVM,61f34371650fab052ddf1bcc0dd0f63c,0oB3IBEhbmgTrL7mV0VnFq
4252,Hino dos Mlks (feat. Mainstreet),Y69kiJ3fRr8,392fcb4c137c4ddb40e3442ba043988e,3gx9a8ea1nI0Wym9hJpdbJ
4257,"Vou de Lala 2 (feat. MC Kelvinho, MC Pedrinho & Mc Kako)",dkHSfYunuOw,464765d17a3aed8a729932a0b1a528f3,6MQrN9fclpvR4nf0uJrG1x
4261,V√≠tima (Ao Vivo),sHCFhRsJxow,21b9b841cb95d6d1f10cb411e762d5c7,10KwLQu6IhcowFpsvFdjcU
4292,Beijo de Glicose (Ao Vivo),M4gwPKau-ag,1b012c07659017ddb356a3b50990186c,6gyhp7IcNhTYzwlk8utsgP
4294,Pactos (Ao Vivo),jPwCxjJqHGw,9bcd111a374b953700bdd209570ccfb8,2M4kQD87lKnAS9vFlb4Bez
4295,Until I Found You,GxldQ9eX2wo,1f1bfef37e9065225d15b1ed3539eac2,1Y3LN4zO1Edc2EluIoSPJN
4296,"Te Amar, Te Amar",lFfKXLUmLLo,b98859362f9ef884b9b3342a6d6324c2,7zuRphSG633kVAgopDVdHY
4298,Psiquiatra (Ao Vivo),b44hkn9cybI,41e4b67aeea5158811c975eefc33037e,4MzYk5NNt8K9PIatyxo9q9
4299,"Panamera (feat. MC Jo√£ozinho VT, DJ Koringa MPC & Dj GM)",F00u9GZV_iQ,f8d05de4c8430706d59d93c3972325c9,3fxA2cyH4qLZEm7DcAvZQp
4309,Sereia,24lfgigKHqQ,4eb629694d63281eb676e76e417ef338,0LY06UG1Drr9rx4wUJOjdl
4319,T√° na Hora do Jair J√° Ir Embora,RTMiC5WturY,12fe6178a07ab2f3212f2bc3b91d0871,3pgKhQdt8MNXUhh9698qmi
4336,Lift Me Up (From Black Panther: Wakanda Forever - Music From and Inspired By),Mx_OexsUI2M,9f17eef0302d951927651aac69376b2f,35ovElsgyAtQwYPYnZJECg
4340,Vai Dar Pt,GKZyqhieHH4,5e297d18acf0561d21adb312b9856143,4Ti7WdCbPoxBBURxuY6sT9
4351,"Let's Go 3 (feat. MC Ryan SP, MC Don Juan, MC PH, Mc Luki, Mc Paiva ZS, MC GP & Makalo)",sj-pRriVRJI,88b3edf64cd9e9d68476f98b1fe4418e,6kNZdlmjH4BQnSUfHeJIuc
4364,Hino do Flamengo,L4-RuVKkaso,1c009c9456f2c3a9cf337d23f9de5359,0IcXPtfEmnvEFovvjMSyXa
4372,Jordan,WVndi9ppDyo,d0933bf78722b9832f303612f14c6236,6qMXubogFdMrvVMJwqATzd
4374,The Astronaut,c6ASQOwKkhk,693451bcecc7913b9da44338e3da4155,0h7QMc9ZRzA9QJrbEHytn2
4386,Imprevisto,EbVV9FDxM4c,b0911481b68d0b71fa1cc5796a2b35d2,0oZrvoCYEbKGCsU7cQqNnw
4390,Vergonha pra m√≠dia 3,9JxhtlGvtbw,25ddcfc9c059a5b1cc858e5eabb1cdfc,5YAC0QmboaXQyQgTBcrMT2
4399,Basiquinho (Ao Vivo),p1OSg868sAY,a0006c3cc22bd95e5b7bbac51a27b3a1,2HMbGPbGiqGaHXzFkQAmZI
4417,Bombonzinho (Ao Vivo),t050lriI0_w,78255acda41ebbc6751432efd4c7e106,0SCMVUZ21uYYB8cc0ScfbV
4427,DEPOIS DO UNIVERSO,DwY36fs3c_E,0d3c37f80f912d358b5647322122980e,6T5TyMUmqcg8ZIvTDYaJ1o
4435,Evoque Prata (Sped Up),B4dmw3CfYtY,3c94e37fb13f26b09244352eaadd12fe,0bBwi6ddYeTv5fXgHAdfiH
4465,Volta Pro Teu Vaqueiro,cRD-WZOYTEQ,29fbca6c9d474ab5069f172172d46905,5MXF0YeLzytrDO1X8bXub9
4474,Meca Cereja (feat. AMUSIK),eI5FkVWz_dI,88c80e8bd4227000e96df94c0931ace3,52kcarcX0FQ6wPulXm2bMJ
4477,Revela√ß√£o do Ano,BAJAEXdnoFk,2628124a42b7248d6326cf2adf6446bc,5fKjpVyB8HIK9Gm1pV3PJm
4479,Bokaloka,BBUdg9S4Ii4,4ee801c4450c51bf1cf5662443e089ed,15MMy5OQqEyGBLkjVSsS9e
4495,A Caminho do Bega,szzboy0dXUw,3388d1bcc06d834a0a5b67867c0f40dd,7qigThRgVWUSwXR7CFIpYe
4498,Tr√™s Frases (Ao Vivo),jAC2AsoYxgc,673f507e9acf0807be0886a6ca92c888,13WrtteBNU6cOoKSNAsPlP
4526,Pesad√£o,rnhrtIfi-HU,4d51438bd9c570d6501ad45e885300be,2nPYWC7Jtd3gsd1iMQT3Vs
4531,Talvez,QQQqkDD7i8Y,e696d30e727ffd3af7d0dff8d9e4eda5,16ho2HrxTI6MP00Ukax6Rm
4543,Tropa do Mant√©m (feat. DJ Nemo NTR),BzcIno-D0Es,00d5dddb00636abf43f491a38a17299a,3tpfnn4QoKrkzWW20UKili
4554,To de P√© (feat. Jess Beats),RtRGjVtVVrQ,17e255cf6dee8a9bab23fe7226ff61b1,6WHGZ8voLYNlgYlUyBhQm9
4568,Cara da Derrota,Nosy-f5WOBk,9c2ec22a2b9280c3b8393e7d52da5b48,2bWVxK5GlPtS4D3FcLjGgQ
4572,Final do Ano,G6lmTPZ_WqM,bf65b17ea1f041a55226f663e78cd811,3xdEjqUOiLBkRmTrSst1GX
4588,Por Que,emP8bctYHvA,19d478181fdba56a2d24eb4776da2cd8,68pE8830rWrd5LSSfKcRqn
4590,Mundo Covarde,n2vr0aGhvTc,aa69bf724a29c4d95552f188cd890ecd,1m9gl7AQLRKDoAJnmbjTAF
4593,Algu√©m Me Chama Pra Beber (Ao Vivo),mFzbT45t3vA,481afb5867acd5a378ccebb1d8f7e176,0PKgrNn3ugcQgtNeJOFy2x
4603,Ro√ßa Em Mim,5fI3cK7iDeg,2babadf892b7d28b3eaebabb0ee8147f,2hkwwmmLC90T8BQ7t3xufq
4609,"Revoada do Tubar√£o 3 (feat. MC Jo√£ozinho VT, MD Chefe, Mc Daniel, Mc Davi, Mc IG, Mc Kevin, Mc Paiva ZS & POCAH)",DeVsfHet-uA,61e4a9230337627ed13eb02bd4e95aff,2XaEn8iznBz9ZE9YJqJdQ6
4625,Waka Waka (This Time for Africa),pRpeEdMmmQ0,5b937a8f56f1e819978afdf5771f1572,1ZlHr9FYHT7YTbXCoxPq5C
4645,√â S√≥ Um Lance Lero Lero (feat. Mc Luiggi & Meno Saaint),vY2nYrhFRVo,e99a93e64313bb2a0717666cd2b5a052,5DoYLtsVnNMcrgpMdEPOsI
4652,Tukoh Taka,rb0bjyt1OD0,dddfdc0dd585d6c5e69fd3660dfa90d2,7twsd0lwXyy0ARdsTyzHoJ
4677,Agora √© Pra Valer (Ao Vivo),ux6JORaW7PA,5a868768421782934404fdf0aef29bd2,2fNQKieH5Vla2RT50hn9tV
4687,Toma Tapa,vqHHUeEyEyU,0e8baa24adac5e0b0c6837de7936829b,2Vl7x4BkNhhJkEmQQMcV0V
4719,Carta pra Deus,4jWiihUUvis,cee86b33f6448c09fd052a568dfe5a49,6OeBK3dJroqoXOHZLitRpW
4751,Eu Dei,lH09-e5B_Uc,7f2de97779f34f3ed9733454882c812a,0WVz8h0kOjFjSr4mMogBSF
4754,Dreamers (feat. Fahad Al Kubaisi),IwzkfMmNMpM,40a2e994e2e7a9aeba15043ace83aa6b,4AAXA43eClFFWQlEeQzC00
4784,Vai Sentir Falta de Mim,JSqirB_c55E,423aae4f2076d8fe487a632bca330b26,43izJQz4iVAlyYRkg2QDzg
4788,Ano de Copa,kEF4APJuV58,42672844451304386d64e56cbfff7fed,2xfU1dON7VkcmiIf1J2xO5
4793,Cara de Tralha (feat. Natralhinha & MC PR),svmKwDd5MlE,f0e59df970bca9994707340d549b6a82,6uCOIo2YBIOaARzCFSxH2L
4798,Brincou de Amor,2O7ovMq-Mgk,ec7696b1f174c906a7656f299117eb50,0VhetoNSkKEqEs6iE8AR0V
4826,Bloody Mary,L1p0clhjOlg,354cdd47225d1d75f61df999aa122a8c,11BKm0j4eYoCPPpCONAVwA
4851,Cora√ß√£o de Gelo,p03BWB5SN4M,2d800c6c4447db56a9a5484fb5bd7414,7nFvKgVumc9FcU97zGjjei
4857,Ora√ß√£o,9l7E42BO57c,a64848643d8e6c7e096cb40f71197dd8,0YBq701BXkMaK6V5UyvOpT
4863,Vaqueira,H-Zggz8dKWA,2c256a57a529c8cf601370b76f2d96b9,3OWbJjQTOTUvU6jpVoKR9R
4869,Cora√ß√£o de Carro Forte,i1k6o74iRfw,5a93e37585b9a8242a858d8c06a0829f,1Fhmi7jJSOP6GrStpJrj4t
4877,Passar de Foguet√£o 3 (feat. Mc Davi),LhAh8GTu10k,68a2dea85ee523213767b85b9af4cd9c,7fc2HkZHfB4ezhecqCnDa2
4891,Calm Down,WcIcVapfqXw,807ac0d43a493438aef204a1d9cfe372,0WtM2NBVQNNJLh6scP13H8
4893,Brinca Demais,msQ5cGBeyqA,1c1fe7d163bec7e730200924aadee8b8,1JzMOnuyabzpRuSudDD4Cq
4896,Perdoou Nada (Ao Vivo),xEd4vHYLDko,4d37de80c699ad43679582cf6b661b80,18yZLabAj1liqEUcgxDgeJ
4898,Coladin (Minha Deusa),eihpkV7KSKo,f07147ea642dc94e2ac71833f54bb952,3xCkNUiap7EBjqnRldHSSh
4899,VALHO NADA,5t0J5Yt4eI0,76adb2c7fd2f0bbca4e13516e923db3a,18XOY618zQH4bFw3TgVT9L
4936,Namora A√≠,4HQect5dM-g,571b915328b73cdf2bb9a07b55a9f0db,4PQOjdHAwo0KUCBVQjnAxj
4947,Le√£o,tI55Zu9uZEM,4791137c4734fa81b539937890f8ec47,2K9kZpwD2CzTa6iiSYYOoO
4954,Invenc√≠vel,dhWqk9A0hik,362c802f5a37d9b08530b096f1be662b,6MFN6SOlKjYelQBTGHrbQ0
4971,Morango do Nordeste,wsV1RHXqihQ,5e88a0570ae5e77feb4edbe2e0424d21,7EjqwqoZbsuTrWYckzZGfX
4974,Agudo M√°gico 3 (feat. Mc Lipivox),,b6341402d64f471a5feabe6327e35262,6Hio4nlyWL2WBL8nYlbuGt
4983,Ai Papai,4fzFfiW3RPM,1c69f937aa8c7991cd2a373a0922c10b,4PQ5AInr4YoBauth9YPduL
4985,Uma Vida a Mais (Ao Vivo),cAQXfZDXPek,5a378771dd15b75652674fe1cd779d48,1zCT1vYdUfeVS3OsvVJFiM
4987,M√©dia Boa (Ao Vivo),tZMIKfHMnkU,00df0c519fc0da4a99a0b8b22ca5f5d0,3Ouwl9iXrvYeiOvc3EfNLL
4991,Conduta (Ao Vivo),_j02gnLHdNo,243117f986bcb21b9b3ce5188879cc20,57AFq4IQx7NRSsxmhb8YZz
4993,Luz do Luar,P5AnIr0_6tw,319845009aac84a0f57bc42f1e3d5aef,6eNRGL6Nkdg7RhJtmbcl0j
4996,Dizeres,lxhqCcrnTv4,5264e199ba0837d0399dac54f4269ea1,4HQ4VFKOJRnTGZlYOOgrr6
5037,A Culpa √â Nossa (Ao Vivo),sOgYk0iXNls,9198c7788d2de30095b806622997ab39,7nwHsYxiuHo98dLI7UVkyn
5058,Parecia Tempestade (feat. MC Danny),vsAPYtF50VI,70c8c092b76bb58c60f54f744aeecbcb,29adI8c6c75mnnaJ3BFLID
5074,Maci√ßado,Em4BVubFQLc,7e1d32a4793699fcde6044a5607f867a,7vckppkV8YLJlw0UPOBM3m
5079,Respeita Seu Ex,63cC7YAed_M,6a2bc1944e39658dee46663d9e934647,2ryeIBjDGoVmvK45BmFXpM
5080,Quando Tem Sentimento (Ao Vivo),VZ2eUOIgfcs,503b2f42b52abcb08faa7bbdb74f627c,4x6aIbNdwgRLPejCUTUWEL
5084,T√° Querendo,LMVeIAEanKM,62cf9558059d1f0cd7b3acb3e230401d,5SHXAn3kfXh5fwJFUtzqZX
5085,QUEM SOU EU?,To2MAzO0VEE,55bb4d6d7bc37c7e528ae6377052f26a,6E8KBuOUM9e23f9fyHsDU1
5094,√â Piru nas Meninas - Medley das Antigas,l3MoYFMBzdU,13626b5e9650311f5123aad0420efc0b,0TdK5nwfcmX9smiLXJEeFp
5097,FOGO E GASOLINA,Kh9fYUUMK9U,ef3f338833586126ec95356819110fcf,52EYWdjiulHaehpexuowyh
5143,DONA DE MIM,rUW7ev79fTA,f79c88984ccb096f24d1e205e079ec41,7sopDXkuzXtHt8AQpdBxmT
5146,MAMA.CITA (hasta la vista),RuXFXp4zQlM,503caa38bfebd276d6b523497a6336ae,2m6ZDDrTvDQtKbwNFyI3r5
5174,Cora√ß√£o na Cama (Ao Vivo),OLIrioTRLTk,c9ea9d7a53667b6629fc83479a5a60d6,7vCvUJyjMxRkPeo19nxmuk
5180,T√° Rocheda (Ao Vivo),kNdIA-L8E3c,5d75de97a159191318b375bcfa25ba6b,3BsuJPti0VMfRP5HTxULNE
5184,Camisa de Time (Desce S√≥ de Label),nHkiC85WsvE,6fe25419cc8230d83b323b8a4f361656,5oF3fkS6ZVqmb3W5UJc0s8
5199,S√≥ Era N√≥s,6Vl1BMPqGyA,7ae075948c831453d7f4a178252f2be8,7nJ4wRW6vdHLR7FosmdeAT
5218,Puta Mexicana,Z8HNDfY3ba4,5bfe546bc78a435480814096d26cb531,4mD9hjoTckjeL1CrJCx0MT
5260,PLAYGROUND,bPf3vNB944o,c6148069c7d322228b65f875b6d6e279,6v23dkIy9AHxk8MAcOHBLu
5278,Nem uma Carta pra Lembrar,bRgDFUt7Eqk,5dec065229cb44b6a473ca38c1ba1ef5,1fTHEkZZIkxVlwwwp5p0Vj
5280,L√° Ele,_KaA8W_Hov8,4e169e7931a97ab1e26498d530710792,6XJ4CQ5E9c71cTkPHhivAN
5289,MINHA CURA,har3c93pJe0,1056d49f1089f5adfc2b3a0865a8455c,3YQvZNmRc2y1hgdvustkce
5291,Vendedora de Amor,rVnBsSQYfJI,6fdc97e47e60d1da18822072a2750759,3uzuhX2qGvWN1XbqXWsx1v
5292,Aquecimento Das Maravilhas (Quadradinho de Oito),pXM6v3JnT7s,fb6dd987cf797e16dac8a4f4143756a1,2XuKjeAR5Uj4NAPAyiiZxL
5296,Primeira √† Direita,l1bLjUOTLJw,460a9530c795f5a6c33c28f5ec1cf5d7,5jJ9fktcJM9ECpo2F9ly6v
5360,Fotos (Ao Vivo),c7ceSQ3PZ2E,c0886a03fe2a5fd05c9c54b857490fe9,4TqI0zD0McL0dao7m8ZseG
5362,Love Gostosinho (Ao Vivo),6kiJt7WTTM4,5e6832ae66fd8184e2bcbf60fa52a326,2BlFIe0712LBUtTHxbqjme
5371,Vida Chique (feat. Kaash Paige),HzVS22rEwzU,0ebba0ac8be142e2231af7ac3aa35397,1cevXeyCxIG59977CDgJnX
5375,Bal√£o 2 (feat. TkN & Lucinha Saraiva),arapddN0bfc,f16533a11f0bf9f4148555898f9cc18d,4y956Vqc68NtoH6Xpy91X2
5383,Onlyfans (feat. MC Fahah),50f7RJX_naM,7d76309d9c2ae803be65ec9eaec445df,1QaCsLoKEWVujL3owyyei4
5388,Deixa eu botar meu boneco (Baile do Polly 2.0),_xl7YEj7IBM,3a9a4a901b472b9fbebe79235053b015,6vtgGf9Xn7fsr6jr1aGSRt
5390,Let It Go,L0MK7qz13bU,b4b3cc88d2407be769392af5b4cb9657,13HVjjWUZFaWilh2QUJKsP
5391,"Bota na Pipokinha (feat. DJ FELYPINHO 013, DJ Pablo RB & Noguera DJ)",vSkW7eHyjFk,cf210912c4ca09118f2dc44c3097c92c,5Yt3AV2nXQdPqdknyLtJk0
5398,NOSSA M√öSICA,iBmrml_5JFk,854d25e3dc3a794c43826295cdce35e2,1Q1d5yjdXpcedKFJR3p7Ir
5399,Uma Coisa Nova (Ao Vivo),OgH8-5OAQzg,13acbc4762d25fdd1d2e7852b8dd8976,0hrcemiaHlr8lrogSFyTTH
5419,Papo de Agustinho,ysn8Ifdfry4,5c1ff84369db2af6e4ce67c78befca3e,5cCwZJUf8QiCQGnyakhpmF
5420,Flowers,G7KNmW9a75Y,92184cc489f0450e94a11f17d096e6e0,3Hvg5tRKsQlX25wYwgMF9p
5424,SHAKIRA,CocEMWdc7Ck,eb95cd42d148917290aae4a7c8122ede,4nrPB8O7Y7wsOCJdgXkthe
5440,Palha√ßa (Ao Vivo),29WR7F4TDUI,cc42f00bb82363a79b104cc14f4e4a93,0KXdSF0Poa57KOepZ3hKrh
5458,Casa da √Årvore (Remix),Cr7N6s7bhl4,228a951b187e87f76322158808f5a612,0r8K9vQvPwNPz4DxqviZH9
5471,Sem Cora√ß√£o,_13nyyGnnuQ,be68c673d784ef367d37f5c91ac08c4a,1R6nnawZEhT0hlD3gkbKOf
5487,Perdoa Por Tudo Vida,za1IIm-yLbg,b39d90300b431f8e939338868bd25bc9,7zKqmAHGY8zm2UA4wT5ant
5490,VIBE (feat. Jimin),cXCBiF67jLM,cc79d3aa2e5349448da805e826b20a99,4NIe9Is7bN5JWyTeCW2ahK
5497,X6,vjfB87h1_Ik,9095bdd53375e1e59f31ded6631286ef,08V6OelwRgzsHZp5dTsg9x
5517,T√¥ Livre,5ciGH5POULk,7b0721c5220f8af0a0d934e44896f2c2,4H3eeEecmb1lIqUfo99d8G
5562,Bloody Mary,VFwmKL5OL-Q,82213e664f66159cd5003df72656097e,11BKm0j4eYoCPPpCONAVwA
5574,Bandido N√£o Dan√ßa (feat. Love Funk),UR7APKgOprI,558b6fa199f46e65bba7e2f4a0c4c4c8,5WGTBzRLbjj0Sm3Br8X1rI
5587,N√£o Me Esque√ßo,pbSRbPHlwXE,beed056faec94c2285efa14bc7584a04,6wZYZIJRbB4Dilfkz8o5ZN
5606,Zona De Perigo,0cnUcoXllMM,10b063ce621ab85ca126c95c34f04387,1jHgfC8T5KxUyC5Ldw6lk9
5629,Erro Gostoso (Ao Vivo),mr09lDl_Tfk,f3c3da184e8a0a32253d5b394e01b971,27ciU5VCpvyLVA2ASIOMJ3
5630,Flow Espacial,VBJvDgBZEi4,db79673a7f704d4a9b8cfe67bbb756a1,4qDT0BeJ7BjatrN9k8AvB4
5647,Saudade da Minha Vida (Ao Vivo),Jm5MCIVwjas,1da1f8f2dbade762435c4b81576fc32d,51FFbyL0PjkYtjXJQP0JoP
5653,Favela Vive 5 (feat. MC Marechal & Leci Brandao),R_4Clufmtq8,b6839088d623b3463610878dd2741e3d,13Y8guAjsfss2WPIINuoYd
5668,Eu Minto (Ao Vivo),E7d9hda5Cws,cf3922cfe5c0df984e900938319faf4e,11iLzexJwZ2th5WkEDAOsP
5679,Boy da Hilux,vyxyJIYTabw,239f26957d940af3b227a4b6d2ba0b24,1RV2pxtbw337ICUt30xOKX
5693,"Gucci, Prada",6iAb5K0bDTw,ba826d43a29b7e53a5f74e1a12250a0f,1DpyhxXcebRC3STmwMBXH3
5696,Ponto Final,o6S3zsQUO_U,0fb8f4f59b666f2b236b41c11ffb3e05,7Cnxn2hK62k4pCBxhtgHhe
5698,SOLTEIROU (Ao Vivo),GnoTgMEckDs,8f2c63bf58e7003041b35ed23fac42a3,0AIA4KsMsyqur8FbTVhGNT
5703,Facilita A√≠,u8PI0ASpG4U,57f2c49ebc6da7f7e4281c9ee81df54c,4bT4Gbs7FA4cLyZeKtlGVO
5723,Nosso Quadro,r9GrcxTGNWg,6ecec436cac775b10f4709d02055884a,4uqJelb9THHmJ3OCohg4ZJ
5741,Traumatizei (Ao Vivo Em Bras√≠lia),QxZFjShiXhA,186d314d264bd3a2c0e285664df98561,3trGBaY0LdlrG0ixivI7yU
5756,Cabine Bruta,dOzuPD67Qh0,95291905e46c163be8f353aa9a688ab8,3wkev7dKaNZwHh6DRRCKEQ
5765,Se Ele Soubesse (Ao Vivo Em Goi√¢nia) (feat. Mar√≠lia Mendon√ßa),vHv9eUdb1DM,c3031e25ceee13f18efe78c5dbbb9bf1,2zDwJnP9n9yCUyfiLIwkDM
5773,Me Atraiu (Ao Vivo),Z6cONvRUFZQ,dc672b111cdd431c2da9550dba088fa2,7juhODDSSkdk6T1K5SG9VO
5777,Al√¥ Inveja (Ao Vivo Em Bras√≠lia),DB6-B_vtwuQ,85c8a0591746151518bab3bfa20f8f39,1cmH3nQCYgR8lmq1ZFAXcI
5779,NaÃÉo VitaliÃÅcio (Nunca Mais) [Ao Vivo],OO1nHL70qEE,a1987b4307d5437fdb45e538e36ebd7f,76bsqrwhnJGtjPoh4zbONv
5782,Vai Soltando Pancad√£o - Beat do Pica Pau Maluco (feat. MC Tilbita),tyDRlYGSF8U,b3b720d47f93f37f727708901a52835b,2pEnQImOCJiCTvDv3Lu3aE
5787,Altas Loucurinhas (Uni Duni T√™) (Ao Vivo),JFf_IKPC6RM,aed9fd497c54d01c7260b1ca91e3c98f,2kBbHpJTc7MWs8F3XhClBD
5788,"Pagodeiro (feat. Gabb MC, MC Paulin da Capital & MC Cebezinho)",EiNXdavDKvs,46fde53162b2661789a64e15f89eae5c,3smtwkthoDwPYDtxS3UrIk
5790,Eu To no Jogo (feat. MC Magal),d_zOeyuZa1o,85df68d84c5c5427ccdf5606bcd14091,6YDVO1eVG2l7Q20urTb0Rk
5795,Nosso Amor Quer Paz (Ao Vivo) (feat. Marvvila),FP7tSaxPNTA,9bdf8add8f963c0ffc7cc2ec01f3fe84,6styQIEeflfqXDljJLzcen
5799,Cora√ß√£o Amoleceu,3EhhbOPRSeU,588a6bfdff9f066cd107485ca3742080,7MI7HyhONZr5OY9XDbV7ac
5823,"Olha, Se voc√™ n√£o me ama",FbDplUUW8SQ,d5bd40300c7ebf2a4a7634bbfc7d12de,75ueKDG4re9UcuSu0HAXbR
5832,Lovezinho (Sexy Version) (Remix) (feat. DJ Garcez),,10cf955fc671070fd012bae5bc201720,1ciWhmHMYlFvSJvWUUq1QA
5855,Love Absurdo,c-9KKQX4vwA,b2f82e27de142ac3bb1a0f095edfe34a,7aZnuwpivaj4N7XFhhqBiO
5857,Sem Alian√ßa no Dedo,eOTJtXleRcE,d78eef22d36a7962d5b0ef6ca488bd43,22sAwsBH0NoNJXnrBenQuO
5863,Bonjour,jQSxSYeFKnE,0a84576e3ed8d07ea0e91aabc619ef14,4MAloTk4m4tP1y5gpYYUDw
5888,Buiu,ug5IBOYCUzQ,2eac03a93b7d30e264fb7ffd1a6b4275,4eGlvsFXmFqdJrVXe9FbgD
5889,Duas Tr√™s,z4H_Is0Jp4w,b22fddbfed50aaac8c1c0a5632a8ed53,0redQHBfejmPUhonR5ppGC
5892,Dois Fugitivos (Ao Vivo),9D3c4FlFuy8,b7f58fa2a3bb3154c8f2e2cb89db49b2,24SQCyYMN4yXfXWDvXCVVR
5893,Lovezinho,ieKcV7ixrsQ,bf9c6312ff6d81f70000175a3afc96a3,1ciWhmHMYlFvSJvWUUq1QA
5899,Quando Apaga A Luz (Ao Vivo),it5bnRGUMPs,156fb69174c93ad7fda2653be69fd0f4,1nf1HJdTWXwf9XHQebGlOd
5954,Oi Balde (Ao Vivo),HK7bSTeQw6U,f0568b710a36f9c82b78c1086474ca4f,3mzbab4H0iZYkHggSEj0UX
5957,Carinha de Beb√™,cTjrTb4XaR0,f4f94ebc4089bf2b5ebf06cb746bffae,0ctUbxO1tNOzcOVLvqE7tb
5972,Me Disseram (feat. Love Funk),6jIdiTzBSkw,5d3549d1be9cdbe4c80b809e69ed8edc,4YnnJteskp5hJpEU1QK6jF
5981,ENSAIO DAS MARAVILHAS,a8xV1QH_P18,f2e540fc0bb41ee103b447b7f4542839,6wc0ZPVeIb9UYKPL63UCsp
5985,Santinha (Ao Vivo),GBteTh-ft38,1eaa970141259e8c3faeeb769dcd29cc,3e7cnQ5KYSSIwUo6tfQqwB
5986,Safado,mfTGSuQp9so,36881453316f39c1f0bd5373557352ba,6cXy1jp0h6SdE1qwOm4wwM
5989,Cria Da Ivete (Ao Vivo),0NjID2gRBW0,2427acc9abb1b6984899ebaf2fc2f308,4XpB5oBPuygG2Gbpi3PUhu
5995,Quando Eu Morrer Quero Ser Enterrada de Qu4tro,7ykupU1p4C8,aa4341ae80e2c4bb663b645418f8be05,7i1EsBBDoR8NDQqL8Smvh9
5997,Diga Que Valeu (Ao Vivo),Z6yKTRQcfYE,b768242bcc98e46946a5b5d67c64e0ca,0XWUGGkyqOsMXmt9NVlkdK
6024,085 (Ao Vivo),LpHfPPqjUOk,ddb5a566f506fb8afbb7ae6a1e808ef8,7Ht57bh2FwiQLwRH9zqESG
6037,Noite Fria,lKNdzn_VL0k,484cf8426e2aa1791c2a701cb8fcb6c4,3lT2haeJ7ype7nCJrV96nI
6064,Controllah (feat. MC Bin Laden),ZvRlusdjMSs,d128509fbd3ca55966e570168688d8e2,3BmGfswCrv2p1It4oCdtU6
6071,P√°tio do Posto (Ao Vivo),6RTg7ovfaLk,63cda6f3d0b93e6ed90d1e3e6dfdbe20,4t6eam3rC9JoNFVkfOHK4s
6080,TQG,jZGpkLElSu8,058bb2c578408d37bb47bf8fbb148c00,0DWdj2oZMBFSzRsi2Cvfzf
6084,Zero Amor (feat. MC Tuto),4G1UaXq9NjU,f2ffec5e71d5d7c1a2e3359aa83c9be2,1lDyYAzt18bbDVbhAmd7US
6086,Die For You,YQ-qToZUybM,61378cb3801921c737426a826f8aa915,2LBqCSwhJGcFQeTHMVGwy3
6090,Eu Te Vejo Em Tudo (Live),SFiu3KLNd34,5d2b26586a5e4d217ada560743d85da0,7DWmnmZJicTPIxoZb0m9Go
6164,N√£o Para,NbOBWn43wGc,7782402450e50ac7019475937c1882b4,77BR4gaUAp3p0uA8UL6HT9
6172,BEB√ä T√Å SOLTA,1HmP3XYkdnQ,8ac88d40636030d4fd3e6aec8f1130d8,4ChIBnH5lO5thSaNeMV0oE
6184,INEF√ÅVEL (feat. Leviano),VtxKUTmtRbo,99623c15a0fe0f1f88758417cdb5dffa,6a6UEfhgIKfzrZu1hqRYup
6196,Meio P√°,AtolYzaMoXc,2bbc3b521690384667875921dcd8ca56,7qDX7v5im9GW4Mf5WJu6y3
6239,Aquecimento Senta Senta Suave,GKNWwEtf-Zc,77828e29fc55eed6cfea3a3eaeae78af,5WsM6qhZzRSD3oKbtorxzD
6249,Pilantra,xDlLe1xP2qI,640f1d1f641ec1bc851db7ae8f740715,6B5Nqt8DAciT2oqevzGbUc
6261,N√£o Manda √Åudio,Oi7x_2QMpuA,5c88944c8f4c802c2d449821793bc2b1,78qabjuI3mGUaREZk5hiEt
6265,Migo ou Vida? (feat. MC Ryan SP),038emoNRq50,6c95f16e2626eb304cd792fbc59961a3,3j84U36KvLeXNDPv4t5pI8
6276,Seu Brilho Sumiu (Ao Vivo),bHT5GvYi6io,a9b5cc4ffb4c1bed45a3c2756ee1a489,3PH1nUysW7ybo3Yu8sqlPN
6290,Lapada Dela (Ao Vivo),fd3PJfv7SaY,e4dd28c4fb32803155caebb553e09d27,4f0aDk7HX37SfzerfznYlr
6296,C√©u Azul,0dLX40UMUKo,b173e827d022e2435364c3288fffe7fc,1z1EeTXwnz3gvoUvzvkkdw
6297,UM ERRO,Ustgnn6Xp0o,1cbfc25f9a92c42c05adfa89807ecef8,5cDqPZ79hO8LujICezKQm0
6303,Vacil√£o,Ve6Am4IOX-Q,63f541a22269b22899bdccd94d891bf7,7CJJ7JC3kj9XdweWTvfVhX
6325,ELA PIROU NA DODGE RAM,eGpIwanODHw,a371261ec857b5e289bb48c016b4db53,3o4wcB1Y6xC62eF02n9RSZ
6338,Desabafo,78aBsqmXdk4,98ac2fda6b974dce83dcb6b46aaf86bf,0in5MharrmpP0ZBA25Tm1Q
6354,Set Me Free Pt.2,UaywgAqcLxI,17f48db7f2c95f3ac328eb0b5e2290b6,59hBR0BCtJsfIbV9VzCVAp
6359,Mal Criada (feat. Kamylinha Santos),ypTS8gohH5Q,90bf77aeadfaee242b7368f71f2c9293,1Q6lNrg5IONWKTbXq60GKp
6382,O Que Falta Em Voc√™ Sou Eu,pdLC3l87Ouk,b2202aa97a825e0b0ee677e338a717cd,3XSefjiSHsD34F7clH84xa
6385,Hackearam-me,Cd_vczmAuBE,f3ae7c6f6b7d3bbb6231edba24cd5452,72vwG7lcOTPgT2YgYpg505
6386,Me Bloqueia (Ao Vivo),_I6rcvzXUE0,63cd29746177dbf45fffd2096ebb5b4e,4sBAoZMcOumSlKTRGaprhQ
6392,Famoso Machuca Xota,IwDrW0YTYWI,539d043fda9ef532a118be0c0cffc02e,5u0iZ81Yf2L90FQLYQUiiG
6398,Cumbia do Amor,ClQoZ-Y_KS8,c11f3be1aaff1e81207cdb0ad58b3e94,6jYPKtej8Eb4DiiMxo2OUJ
6399,Metade De Mim (Ao Vivo),kwZTa5cGeSk,a3ee6f435d7037827cf8b0301d1eb601,09pQ3lGyMTpW3rz7a71zwQ
6447,Assunto Particular,5hj2kiGGbGs,a1d3da1b769fa71517c68e27d616613d,44v9eNGRuwFDXzPWu2GkHP
6450,Rancorosa (Ao Vivo),x9XkXqGDo04,722cee7ff44de76dfa3eae4e11d1246b,4wpkSU0lCh9vkl0jOa2QNF
6468,Americana Na Vaquejada,uSHSess_Tpg,a3fc72182456140c91952fbc2a49513a,1M6rclDhYmqRBMFGNJOFKB
6469,Mas Existe um Lugar,pdMNd_FMzTM,bf9a93bca70e78e66c26c722850b46c2,7IN41XfDoGETfFsARAHOsv
6476,Deus Perdoa,-23qYBHF_P4,145a8b509830aecd67010129c61be124,4tuFNhM69UakXdPg4RrNvp
6479,Deixa,93TXfW3MT4o,23e5663fb7402397ceb5a837996fae1e,4C1zrTdEYE55CfWuYlYZ28
6484,Eu Me Rendo,IZMhI9CwMkY,3716d75bc2dbe01b0f1ed8791c6e380d,3xjXpUvWGOm8llOqZInc6K
6486,Namorando Ou N√£o (Ao Vivo) (feat. Luan Santana),_aWNQ6ykQHw,e371015bb57317c93923a6d5b5a62ffc,1gUKbDEyGK4uo8t8MdjKMZ
6493,Nunca Sozinho,4QOuDjybWoA,1e07f9fe6ed70161b33c70a5af703059,0GlBy63XSoKXRMEbCgTRqX
6494,Like Crazy,nOI67IDlNMQ,7ac088e73d96989dd1598cd8d96ddfdf,3Ua0m0YmEjrMi9XErKcNiR
6496,Happier Than Ever,5GJWxDKyk3A,9c84d8106af1f839ef7a5080e8e94247,4RVwu0g32PAqgUiJoXsdF8
6530,ÍΩÉ,YudHcBIxlYw,2c689acbaf7d14a9b022a0de5a325003,2bh7CwpS8enLBMuk2p8pHG
6543,Melhor S√≥,0lgAIjua6pA,0bc59301deaaac579b2871ae63ffca50,3vxcqfymWISVMOi7NZzha9
6553,Minha Vida √© um Filme,XxE7bZlyiNw,df72911a3e7006a2b68670ad8848d72a,0FBV7lozkqCSuV2q24n43x
6559,Erro Gostoso,pqorux-gDIQ,90a5ebb316e8e9f080e7a9d8f2ccb25b,27ciU5VCpvyLVA2ASIOMJ3
6568,Sal e Pimenta,f2JlAkmeB0M,a0f7073558fb2b93599c9797254ddcb7,1qvDSRMCdBob8uaYIrvuJM
6584,M√°gica,MV5wggAXoVU,e3e5260216cb9f9b7bd1be976556ac17,20uknEOwx3PpiGL2Es2vCg
6587,Ai Calica,QTmpxhHNyII,609f63ade1bad45d8e6dd80d4ab156f7,65CB461aKF5FvIuuzqUgXu
6588,Feiticeira,WsnTAw5DtAM,8d230aa2ecc4ed6a370d6be1da39a293,0FpYnuKYFJXHAmHbS1CycY
6596,Flores de Pl√°stico (feat. MC Paulin da Capital),4S1JHavjGWY,f35d3a594bf3beb8816c9a3cd445aada,7iCvXjYGNFwQd7sK4sOTOW
6605,Os Bico T√£o Se Perguntando (Let‚Äôs Go 3),uvbKI8Bc9dA,f131902644407329d3fb0fa17ec2ace1,156LKAN2oh16qflL5oz4tO
6655,Assault (Joias no Pulso),KrLnAuQXDSA,d3dfa0eb36178f993c583982dabb6340,0x4Hiy4evh6K0fkhIsEE9s
6669,A Culpa √â Nossa,4R9jEM2ms8o,d801783084a3da6d15860bc1a271dcba,7nwHsYxiuHo98dLI7UVkyn
6682,Cara de Tralha,oPLauQFcIco,e7bd2c01b81cc378bae553fd1a24ed06,1Koy2dZb7lNApeGdt9Nr0q
6686,De Dentro Pra Fora (Live),OXBCV5WixCU,a8452003de26c0696fc90c860ebe50f4,1BQhXbN8AzvHQrS7SvH58x
6697,SEQU√äNCIA DAS MAIS TOCADAS,sd-cegU5hp8,6d89cb73cd441d3234335d3f7464cce2,4gjUue1MVTtIyiHF3YVYr2
6717,Desejo Imortal (It Must Have Been Love) [Ao Vivo],-UUe7g8-E0k,349341d1fd8950eece11c56e70f9f89e,1HptBaIwAcebk3eRaZTv15
6731,"Estou Apaixonado (Ao Vivo) (feat. C√©sar Menotti & Fabiano, Cezar & Paulinho, Chit√£ozinho & Xoror√≥, Fernando & Sorocaba, Gian & Giovani, Guilherme & Santiago, Henrique & Juliano, Jo√£o Bosco & Vin√≠cius, Jo√£o Neto & Frederico, Jorge & Mateus, Luan Santana, Maiara & Maraisa, Marcos & Belutti, Michel Tel√≥, Paran√°, Rick & Renner, Rionegro & Solim√µes, Edson & Hudson, Altha√≠r & Alexandre & Bruno & Marrone)",PkQH67mwHPw,a5b842b416c829a45b59d2c4829b41df,4L9XGAYgA3Q04qecyjV7iB
6738,"Fazendinha Sessions #3: Som do Interior (feat. Ana Castela, Dj Chris No Beat, Jo√£o Carreiro, Luan Pereira & US Agroboy)",IMn8WL1ZkcQ,39ff0f88f440be991ce74e5e0bb2313f,18FyUdOEp4ePKhTF071bBK
6744,* da Anitta,WF6KYaPrxT0,01c4b2bbdd0a3d6020262c0145a61b98,5QQKWOwPjG9vcDBTQ5Hv5Q
6751,S√≥ D√° Voc√™ na Minha Vida (Ao Vivo),yqo850ic84I,571216e03211e6a2c0b206bf571d5836,06NKk72o7XbaRUXjQN1hoH
6754,Capricorniana,wS1kXQH83U4,3d594c1e6a0eed2119526afdb01e23c7,6l1U4fX41XmzZfi67q9i8X
6773,LOVEZINHO DO PAI,eprthTEQrXs,e9e71ed6288fa53add4c986ed0a74353,1ciWhmHMYlFvSJvWUUq1QA
6784,Ela Tem o Dom de Me Fazer Chorar (Ao Vivo),WK4cgPtBjTE,91c8a773896ced8f240834494d2b8065,02GJxgCWTh8Kr7VQEtmxyx
6788,"Banco do Carona (feat. Gabb MC, MC Jo√£ozinho VT, MC Marks, MC Vine7 & MC Robs)",Uxtgz1FU3XA,31dfebb045e433bb4711ffb06264c458,7bz3kEKKtEONtzxB6jrnb5
6789,Por Vc Eu Bebo O Mar De Canudinho,IhYejKnN6G4,51d1e782225d436cf5bfa5dea3a683d6,36FtXn63kzlJjwRx66Dyox
6790,Galopeira,FQMp-QB1dB0,9db153f87d0ac797749f9c338c026a3e,1YTzCKxoOSZOqcNh6wa15I
6795,Papin,Qr_0547VH58,1b5e48a3b4d74ca8c7d4a35fca498efc,3khLpwuyIjEOw8vfJ1oUIT
6798,Sin√¥nimos,URN-Ikkc4CI,bff81e1268dc4f476526420ed47cdd7f,5wn7dRsPFOd236GySyJqLx
6799,Oi Balde,vyC5xujHahA,c658034f5b6e6b9e213fc4791e56d2ec,3mzbab4H0iZYkHggSEj0UX
6832,Pi√£o de Vida Louca,sTuP-cnH9_w,ae3c0ce4e8dafb9bcfb763d2e17bcb8e,4nlpCOaAgkifrxNhE0E9T3
6854,Boiadeira E Maloqueiro,y-08wsrSG3s,ed40d41ad0ead28b2238cc5da30ac379,4GmLw9S1ESLXbY4SRJSyd6
6868,Deixa Eu Viver (Ao Vivo),JNzI4R7qZvc,44b23677d150efc28210f68249b89070,0P0k5KoLcxi0kf1jik4v8X
6869,Pitbull Enraivado,XzaJWAL2Ks4,41425f8a54da92a7a2a6401c3e0e8a2a,7jWEgucKOoKvzrV9dV2E3Q
6873,Duas,KyZ-4I7XO6o,36ec789135acb0a554988c73b8cf46c4,0redQHBfejmPUhonR5ppGC
6881,Segredo,jHZkI2Q-NC8,3c4684a3418f06e10ff9e95bd66f1484,6LbSVa5z7qQ00HMnZVivLP
6883,Jeov√° Jireh,YyFd_dXy494,02353d7a0305529a54d84988fe798f81,0cEUrAqLYJafXksIpIBov4
6890,Covardia (En Vivo),JiKqvsjZJZU,d653160591c613ef78334b48c7b29407,1CCVMIvUUIutrWxVIAQDjj
6896,WAR,v3bY7vPTmZA,3fb2989ad4f1ebdca093dab8058b7f88,64SCQtbRtmO28ks1QhS3w5
6902,Conex√µes de M√°fia (feat. Rich The Kid),rGHJ0mqean4,5a09256a3389eac3d9f0440ad6ba33f9,3ktTWpYdXrYApH54cBo4Ap
6933,Clickbait,eyb10WuPaME,2400fc4bf8d64da57b048cab5ada87c2,2i3D8AJiOYTVCkIu1cOpsH
6961,Na Hora de Amar (Ao Vivo),Uo7U7ruedic,8aa8abe6e667a6a88533e96090816bd4,5WWiWnRnJQksXlKwMuBGND
6968,Caso Indefinido (Ao Vivo),YeqgMW1_gA4,967fbd84992ec48ab7383a3a3b652ab1,54TwNxgRorpA9lsStXcv0k
6982,Welcome To The Mato,MbEcjsE0UOc,fec101aa797d6835bdd55ec9c8ac908e,2bTGlx7cN0zHZegVmkAjBX
6990,A Morte do Autotune,CUFMfGu1yQc,9f429979a4958e5543fc3cd7c87f8722,4MF0VMffyxHsy3GZwwUnAs
7017,BEM MELHOR,kWvFoR-Wf-I,d208c0f06e2e3be59cfe65ecbbc1d09d,7aOBf2xYbux3bo1fwISo6b
7056,"Set Dj Boy 3.0 (feat. Mc Kako, MC Hariel, MC Tuto, MC Marks & MC Vine7)",CWDZF7aJmjE,915ab27be42c2f2f0845710b42e67286,2xs2TwrlfamtW0DQqId0M5
7072,Cad√™ Seu Namorado Mo√ßa?,,9ccd29965c01279f2e11b730dd6d5c1b,6F0ldIcRC6oCcn3hDukg9T
7075,Boiadeira,DyQ3McP4Two,6b6a085f58cfeea9a20d87542cec2fca,0FumGgq1uaL2gujszVUwIg
7076,VOC√ä&EU,casdq7FlO4g,ebe80528bad55d46376580332d62bde7,3lF4NH7uy1rRMHvmmK99TX
7084,TE ENCONTREI,yXFR8I2LTTI,e09cde5b50f675f5d6195bf9ef320511,5H3m39zgDfXU2bFVA3e2YQ
7087,Que Eu Vou Te Botar,I1iY-gsyg20,a8f8caf0efad0a2a451530cac9f9b4c3,5KeRe32bIOU5rUa2MBzJnW
7089,Ela se Envolve,HiD5NfL7V1Y,24af34130e2c32a8ddafe037e6db7dba,1dMUsdVtoSLVkaJVMBk8Rk
7090,PRETA RARA,sQQsR3rTj2k,c3c157fc65d4314dd0ec22e942830d2d,0BSfQdCd5lZPgTQL70DsYV
7097,Doutora 3,6UQHIQpBw6w,79a21b4822695306a67b341ed6f5cff0,4DWKtQVURjepn8uzBgmwuv
7102,Cart√£o Black,OZgQnRcGZXs,35492621a71492931a392122695b05bf,12YCtLHGk6tP6RbHDHflCs
7120,Talarica (feat. Ray Marcelle),HUFSL-1YQgg,7ca56355aa6b32941ffd9b87c032cea8,36LjazmTjvAMumwr0TdXKv
7143,Voc√™ N√£o √â Mais Assim (Ao Vivo),wmQdOhoy0_s,209f52ec852859bea430b5f4f47d0f77,0cmW66v6mOdc2yK6ioeBT5
7159,Giro Louco,qxpYri5vHU4,e9335366980dfecbb0e741c58df92d68,0mqExnIKHsI11Xdvy6eE8V
7170,Sinto sua falta / √â natural / Pra voc√™ acreditar / Pirata e tesouro (Ao vivo),JhXagtxvDKY,3e62fe8df8bb85d053b0a43571535283,3Y4Hb9pm222fOawpKVZXny
7195,Ela Voltou de Perna Bamba (feat. MC P√™ Original),5psNl_M0_jk,8aeab1465d869337bdbbb5c711e46f7b,5B3o09rBxKRcYMM3buYCNm
7196,Deus Est√° Te Ensinando,Zdz55fPtpxQ,ab57d4191bdc31bb30fbd941f19c84bb,4rsEeibbQRARTxgafIuieD
7197,Manda um Oi (Ao Vivo),b3NsZtiiwFg,bfe835495fd1354f71b33919dfdac9ac,7DkhndGTKaqkFxxKN7XlAh
7198,Cicatrizes (Ao Vivo),KFXnHPifm6M,113474e819f4207227abee6db9276018,1WMOSQ1ru7b6mLgupPvuNL
7199,Set Do Manoel,Cn_ltkG_QpA,d5014999deebe0944a3671ddcdd57c7c,0oghiscy1df9eguHhkvqRX
7223,Novo Balan√ßo,fEUCYAd0KGM,115a2d735384741b547bdbeffe1da17a,4hKLzFvNwHF6dPosGT30ed
7229,Engana Dizendo Que Ama,4Qta7cMSXc4,e62e4a80189629a828f17dbc30268140,39xOREhViooEYFpmnKTdrl
7265,Nu,4Se0tylmoi8,8eb122dff31925ccb5f21c6af5c7b0f4,4k3xDpAdBuM17mNNHhOZkK
7275,Macho Preferido,HH4FAIfPtko,b86b464be12b2ef2193f57d942d50506,4D4yBfKqS2aBblJyVlpA7i
7280,Chap√©u Preto (Ao Vivo),p3MQgwt8LmE,caa12ec6980a8854bc3fab58ac89690c,1PPPmorSg9gOF9qAbmQ7Db
7287,Na Contram√£o (feat. Mc Delux),eoKBEjbAjYU,754e33681d736133d93de960e02e088e,7kJ0aTB5gLMYrJjYft3Vx6
7294,Me Esquece Por Enquanto (Ao Vivo),Zjac4xXdubo,5ce690c3f739ad8b2d641be792cfc746,3ZwyOUzNYrQOFynWoU2WbJ
7319,T√° OK,aHBW_Nd_z8k,4fd221e3281f36c3c4d2ddabd28297a6,35FW5OEe4p38LdjK1KqT2X
7350,"Sereia Me Perdoa (feat. Vulgo FK, MC Tuto, MC Jo√£ozinho VT & Mc Kako)",YcPaOASoL0Q,59df8e89d9f277ab9f9b2094871d14ba,1xw0BToTM3XnVnqXSPRByZ
7373,"Cuidado pra N√£o Querer Tudo, Abra√ßar o Mundo",PRSvU7FpgrA,4ae728e6ed63318a9e0b920da2a0c29b,2IujzasLwi7SSVHHm3Rglr
7376,Menozin √â Abusado,9yiMxCO-o6U,2e2f204e962b9eda98def846825fc3c4,7ED51LMfG28pKMGIW3CEy0
7378,Viz√£o de Cria 3,q9U-k9rd0EY,852a536b7ed9807586c1863f670c22ea,7BE8gYIIFPJsx3EjXk77yT
7379,Deixaria Tudo (Dejaria Todo) / Programa de Fim de Semana / Ela √© Demais (Ao Vivo),1BCVYM2hl0g,d7e33c00e0dc60715bce8e6eed3c3fcc,2uyIUZDreHqfdX2OGVT52j
7390,Uma Ex (Ao Vivo),0HlQIFO7Yvo,fa54722e4f109e59e90ef3761e61d268,7xi4XR5EIOU6OHdIydLMjT
7393,Vem com a Tropa do Tubar√£o Tu Tu Tu Tu Tubar√£o,6p1DpzTRZHk,d2827af39f98358c34dd7406128b95d8,42xHWxSRHKvu36efxZVP4P
7451,Ia Dar Bom,Mf2ctPSoLO8,ab32ae57e420592834b91ce650d83fc1,0tBgLNgCmRTmqrydcFfQjt
7460,Forte Forte de Lacoste - Pra Come√ßar o Final de Semana,D60K8BU6lsY,233d9e34f4630123c629ae13d6519899,5vdQUAFncALEH9EQvyAqIX
7477,Cama Embrasa,SAX33kRRDBI,f692a76dd2aceeb0028baec7963a64b8,6p6ohOKSzL4JaIRzSeOmWx
7487,Fora do Comum (Ao Vivo),UIAXbSCjtwQ,0b58a3f86b4b1db0fc9d99b6711d4cb2,39BkJtg9J6gy6IybhX6ClV
7492,Chorei na Vaquejada,bydRD0taXIY,6ce1dd0c9954a8929464bb2c02d4954e,6xRDvureEBwHgwAYDufbJL
7496,Feir√£o dos 23 (feat. Babidi & LB √önico),0yPQnBG0hzQ,ca41e32e269439d1566a778c2512e36a,4V1MOX0xhbRroh6YBmAVZg
7499,Coisas Que Eu Sei,QdWAkRK3HOk,a733be152fe992996aeae91beeb94567,5btDKzAsFh975NSWxwBHRc
7518,Halls na L√≠ngua,HPM7OWuchFs,65e187d0eef24e3016bf6747045a5c34,4pWsXhLUdtBKlw9npIXZAl
7532,Posturado E Calmo,FtHBS6WLsfo,c98ab1da5f51e046bd7e990876b86675,5aoPjjyfhfdkV81KRxX92X
7567,MEIO TERMO (Ao Vivo),6Pix8tMSN6g,b079a07fb88613b59b5643e17cdcd554,4zUFA8l78k4tCmoVuGtV8z
7575,Karolina,8_G8lE3knFI,ec73723d721779634f38fffc14df7a6a,0tjRxRv1JonYbxX0RD1Smw
7588,Sinal,UgdUPzGsWwI,9f30c4c290bdc4cc7f65cb80008962c3,13jYEYjr8Fnh2x71dB7H1e
7596,N√£o Digita (Ao Vivo),lf-KK2iWVkE,09586f225c580058428247794919a0f0,3pj8CGadPM5hYJjC1gxpP8
7598,Renasci das Cinzas,yx_yQuQjOIo,06406fb41dcdc5ac61ac127364add1ea,2PwjlwWQFbOunQWt1raAW9
7635,"Love, Love",b_AoQ0z3RYM,c5b8ce9495b1a4343fecd36bc81662b0,6bCRq6dymqY47l4uEjS0Pc
7650,"Gol Bolinha, Gol Quadrado 2",1DGsclIrgBE,58ef4b0b3ef6c13fc41afe351eb6b70e,0U9CZWq6umZsN432nh3WWT
7672,Deslizando no colo do pai 2,rRm331Oo9Vo,b304806a482f34bd1bb603a6178b2766,3R2bJpEXtjHSeRpBz62kYK
7686,Eis-me Aqui (Ao Vivo),NurOKV6cpJ4,72ec91ab9838620b52b4a51e7c3a3f03,1W0C210HKx61DqM4I55iVE
7691,"Onda da Balinha, Pirulito Pop",MADLDLzGuaQ,6f948f7d4fb45ca12c6a9bd8be349cbf,62pPUdsoz0qNl4uhxrsVgK
7694,Quem √â o Louco Entre N√≥s,OLbaoD4db48,78e8903189ef0e14b137e0c5cb6c0eca,07wcQ1j2RrORokWq3HaXex
7710,Vai Novinha An An An,MB5bJUUywKw,dea6df3f3a79644ac6ac4ad6cab175ac,6UKciEto3KMpHm45ftSSzB
7714,Funk Rave,SmpNmsuNA2E,3284b1e609c3d3096ff852c0edca35c4,0nVpE03Iv9uioPSomEN5v0
7727,01 N√£o √â 02,F1r31jw_HdY,931e4a9b302363a5061bfb2e773db098,27ECP9NCzTAoTpxXNePZuS
7750,Novidade na √Årea,8zWuVDqmCEQ,c148938d78292116a166a155d1ef9ba2,2uhw2oYbugGJbn10wipNX5
7755,Vai Luan (AgroPlay Ver√£o),pQz-G1L-sHI,413a6dcc4ae0c20f6d3c7ceebb722c26,1JxrRikYoQjq2hlogQFyv5
7774,Um M√™s E Pouco (Ao Vivo),IFdMqOi5tkU,6f2571d7e1bfef74c4c9d3fb8b256261,3PqU6gHWUaBTtIZi5oxEJ7
7786,"Pezin no Ch√£o (feat. Mc Piedro, MC Tuto & MC Paulin da Capital)",XIvWeDyIaZE,a97fc0565406a5e36206e4957d70c32c,7rKfAcjdEX5IapvM0Z3ks3
7788,Eu Sou Teu Pai (Ao Vivo),kNJPalON82E,9e6467871f61a2ccdd7c9b369906dec6,6VpGzXV2kAxB59UOGGl4yP
7794,Clima De Rodeio,LoDWge1WojE,b93ed9a9363b118fbbb612500b40610b,1ZHdyBqbtK7JrDcu656YbA
7803,MOLETOM,P4E831Xqs1c,1b736ee855dfa6bb4c57e6b343eb1eaa,1mimc5QiUuwmVYdXkWvgOQ
7826,Sonho Lindo,quqX8EzKT0M,4d372d5b7cc9585193ed2c4a95403537,2NCz6ejDaRrIcCKrcdIeN5
7837,Barulho Do Foguete (Ao Vivo),7t5mi3M_lAY,ef95256e34a7d8b74847b34882a7c0d2,42JNab8NPeCADJ9D3Cl5wS
7862,vampire,RlPNh_PBZb4,394bf8c3af4e9ebc85f74a70406c73f9,1kuGVB7EU95pJObxwvfwKS
7869,Alma,O0sY7YumXDA,bcfd59fbff28185c5912c50b1d866d40,6ab5dRx0VtGzMjUejMFI9u
7876,Vai Novinha Ah Ah Ah,QnxA8JJzIao,cf24e1fb2e29f21e59cf72b144e1b299,3Nvzs0cJbLwhXPPlI8xzpC
7888,Me Usa (Ao Vivo),GCYK6JipKAY,791c4c97a9803c7ee1f62d87da920e34,6a382HNK01vxXOucIrXMZ3
7893,Pirulito Vermelho,yWoPrOYzPvM,505eec824a7c82aee860937932bafbbe,1Z3QqD45wKKN6fUKBXSvcZ
7894,Frases T√£o Duidas / Diz Pra Mim (Just Give Me a Reason) / Abre o Port√£o Que Eu Cheguei (Ao Vivo),CyojmDeKrpc,ff7094aebdc06117e03e4a9efe76bdb7,6sOrXm9TFCdtFUFC3jDMRg
7910,Solteiro For√ßado (Boiadeira Internacional),f58W_FVXBLg,3e5bc49efa5f0a7b07b8b1d88ab3ce0f,4Z2i41GDQyu3KRpBavEnyR
7958,Eu Vou Cair na Noite (feat. Mc Menor Thalis),7hiflX3yJ8E,f94c641141515fafedb26fee329832d8,7z2hqtAyf6FR39ZZmVkvcO
7966,Pra Que Fui Me Apaixonar (Ao Vivo),tSQKrB4oE6c,24f12c55772b6113c84cd0461a73c1de,5npAAiROGib00LdqxUoqRb
7987,Super Shy,ArmDp-zijuc,a52c3589863135ea9a1d25c1d27f4721,5sdQOyqq2IDhvmx2lHOpwd
7990,Mo√ßa Do Cabel√£o Preto (Ao Vivo),MV_xFOOTy6M,95f1d3ce47e620792352aa73ffa57c38,6kM7PL8E56bVYf2fKtq8N6
7991,"Campo Minado (feat. Raflow, Racovi Oficial, Bren Oficial, KennedyBeatz, LB √öNICO, Mainstreet & Distrito 23)",QrKmPd-Ai_U,b0f1042eac704a0f1e3151bf40efdccc,4nu3dcrggmz2BZn6bfHfJD
7992,Nosso Quadro,OF_j_qgmT0Q,a691203ee03a2f912da5ba8fd91226ab,4uqJelb9THHmJ3OCohg4ZJ
7995,Uai (Ao Vivo),zDXXpEIq2Cs,a379c1a3fedc5e349bda779fce7c142f,0fXKLPHV04GRlmdqs53RKz
7998,A Semana Inteira,Yqi37U9d9zY,26fbccc747b1e391f98ab6116e9ae928,0mjYqP47mObqXHtyvVxckS
8007,Ballena,0nHHZZRYNf4,263b87f019671043e57c0b56368ff361,1Vy9Wn5sbiduZKBqBlH3Mc
8022,Seven (feat. Latto),QU9c0053UAU,af91bbaa92b5b7c80c4d17e3b1bed12a,7x9aauaA9cu6tyfpHnqDLo
8033,Narcisista (Ao Vivo),JvqBpWtoLqk,af486b7c0e2570e7bd92d2fa5c09faea,0WrM1ON5poAsmKw3x5uPhD
8036,Mala dos Porta-Mala (Ao Vivo),3zNabdrryYM,0e94157d2628cb0f298a53f490b35e57,7GScY8oE12cqTiNBzVQpUB
8037,Cora√ß√£o na Geladeira 2,P28P7RI08Rc,fc1384aa16d05a28a512682ccb50a04c,4AKsSRxe6z6woOAsXr5gVA
8058,Inesquec√≠vel (Ao Vivo),tlfY5NL7ZzA,6cb5d4debfc0258a778d46f2af018b1c,0DqZuYCqRotIUEqBdnPLEd
8060,Sinal,RE4kM6RZQ9k,aca16e7e561ba5ffba45fdd2795f7328,13jYEYjr8Fnh2x71dB7H1e
8071,Me D√° Sua M√£o,ChsgqzH-df4,0fa2b7dd731967f9aeb7c592c16ffcd8,3by89k8zGClgmQgz9SbtKp
8075,Amassa a Placa,OCz3bXiXaWk,c768d7981071d6a99d7397a1ff176957,7vXSNnRZm6DfQsmqM7MWYn
8082,Devolve (Ao Vivo),aPaRJjQ8o-Q,ae017bf90d381a942e70f80b9abe0f73,0SKNv6Y8igdcxI99uR2l7u
8085,Voc√™ Mereceu (Ao Vivo),NZSHQhwy0gY,81783c29e093f4cbd6eb5adc405faeca,13dX4X91wucBUrYewy9avh
8094,Compensa (Ao Vivo),XjoW45h0Hzw,093c98aa877aa4e54bdc17271718b988,1WFOn325O6xkZ8UlrMKqLj
8096,Melanina,NfdFbQFKg54,f06634eee27e9d5b181426fbf92f2eeb,3c6hiLeSSXvno6LzBrDrtI
8098,Tudo Que Eu Fa√ßo,OS23TZIPCLA,74a0c66314f5c443a0da7ce1ca79e674,5i5UVJZdZBE1J0G0n003KQ
8112,Poesia Ac√∫stica 14,dESfgB_UnZM,8b6ca7ed1d7507e077e1289ab5565011,0Co2c6T1U06m4wLT6kOxdc
8134,Faz um Vuk Vuk (Teto Espelhado),1ap3IyySQ2c,a6806a74c8c37432485e328ece24b94e,64CovjRwInpOJW4PiGMprY
8158,VAI NO VUK VUK X MOVIMENTA,4qqk0MuyUyo,b6d04081e7235b2328db4e5fabd71fb2,3Nvzs0cJbLwhXPPlI8xzpC
8173,Toca o Trompete,47xUS-Pbc-U,9821c1238487bd6410956f702733cc17,54u86CmMqGI1rRuULlTqaB
8175,Vem Morenin,xAIeAgcbhRQ,33eea33fc7f44c24ff15c2b31d05b61f,58KvJ4I2QMhLcRBnkBam2M
8178,Sem Compaix√£o,iDCj3zwQXKs,b0e00bf81873bd4386fed9a6e18a9481,7KDDrAqNSOdEUeNvAOEExR
8194,O Encontro (Ao Vivo),3DyPaHTcSMU,94a08dc3da317909e444e8a6857031c5,5Jo6O6jXUZFNZt6jVIAogM
8196,Sou a Barbie Girl,csArY3G2vn8,f89993f785d3df34d251d2baa85ee83a,0OzO3DeuiYqC9ZPlkwJUxw
8225,Combina√ß√£o Perfeita (feat. Kamylinha santos & ANDYN),zvqR4Qto-u0,a4e45a9c74616c86dc2d7edb79186f16,26VXGFb05ohOsvE3ZoKTVM
8253,Oi Vida (Ao Vivo),D9sy95Cpcpg,75fabee72ce1b665af3c4a633f7cdb4b,4lL0M9HzNFspnIwj2WfU6c
8266,Barbie de Chap√©u,7O-1FbDEI9U,41da6d5a4e28355d273f526a5677fe6a,4gPTuFFq4wt2aqAjJzXA5a
8270,Preta (feat. Jo√£o Carlos Martins),80JSaskAVnc,53bcc31902bac60818f68991e34be72b,57w75cw5ROGxHeDmZ9S0mS
8281,2023,rO5q4h555Gw,0af600d5e20151a920d1d51d2d09a79b,7s9QiG7yUXpr9qNPUlZH3r
8283,Iphone Fourteen,6WFj2DgTvvo,b0fe822b9be66d58a35daed3cf9721c8,350rWAdB4UynfrNdIohP9Q
8285,Automotivo Bibi Fogosa,PgF29M69QXg,178fc7d211c12ab5be403c1a1b5da2e2,4kRLRWnn5u9wO2wOKAAdEN
8330,Fode Bem,RviZfEsoT_k,4f4fcaf92741c69d531c7d0f9e83d73f,3Zgs8GjLi5hArtyLQhZ06Y
8345,Do Seu Lado,s8EnhrR9Hxs,9422ab5f9dbe28b113d71dbc9ecacb05,1a1CZOOOgsm1bGf0G92Zrn
8422,A Cara do Crime 4 (Acendo a Flor) (feat. Bielzin & Oruam),N6Rao_x2cJc,03d406583a59237119ccbddbb99a8501,77VEEXFqs8GlKhT1lWHcsE
8432,Campo de Morango,CF8L6ZYIgPo,5103687bbe2db68993b2535056af3f0f,2exu569k07hUulN9CoPnMH
8452,Marrento,7SV1apY1jZo,40279eec16eafe1d86a6a724c8d28f6f,5gH5JWzP4Iqqagm0f4UGL0
8458,"Faz Completo, Chefe",KWjI1m84v20,82e7f6841370bcf0a7d004438a53e858,06hb05CUDZAX0MMYJHiDJO
8468,Vulgo Mc Paiva,_TGgfe5RrdE,8da4e9874deac0644a4e71b9bb4c8053,6S2336rQHx8rcEGuCETufv
8484,N√£o Vai Ver Nunca (feat. Simone Mendes),ypiw-p0XaJU,5c4840646064854ea4b46c5b9543bf20,2FjCfytqRpicOTtX2lqcBo
8497,Teus Sinais,txMUxn9hUGk,5727c0db07160f9771d66e42a6a92b5c,64aW2o0Dyg06rgX1jdRjQH
8575,Dama de Vermelho,2rP-Kp-dqFQ,be7f75f240b771e6a1ae7e67a7b63cba,7JCd1CnqOfGAYjRiSFtzKE
8578,Casi Casi,vwECwpzdj9o,15febb5f53bcd0b52941ed6d88818c8c,7n15qubhDdwZjrySpHO1ma
8581,Sintomas de Prazer,rTdtvgq5kX8,7a90063192b0825107f9fd6aa7c37228,2g7nq7w5ly0mnDYM5QzX1i
8585,Jovens Milion√°rios (Let's Go 2),VhL7IRHltRg,6848bd20dc248dee45aeb5f096eca308,6LSza8vBsCd7xLk13cYhIv
8591,Principalmente Me Sinto Arrasada,FfBkUPtddzo,fc3f81445eb2faaed7c820de3727ced4,24LGL93o3wuVuYLCBhV3c5
8596,Quem Vai Patrocinar?,2tt0cRFTIdE,9aed51a1d342898748d0ca4beab6f51a,6oieiqdnfxTELFivGb0VKU
8599,Ao Sabor do Vento (Ao Vivo),6Tskcv63KQQ,3f1dcb9919c0303c18c6d58f51d7c2c6,26D6qJjCjxUZ7TE8NnnW44
8609,Dentro da Hilux,HZli8pArLSE,4c46498a773f22a5ccc57a75bb3686a4,3XIXklO3e0uWUAUkOR7NLI
8628,T√¥ Voltando (Ao Vivo),VaoBgB8gPXU,a7d31ec6c9ccd961249f8816d3a8cfff,5T6wqhiYPEbtVtChpDSQar
8662,Furduncinho do Rogerinho,soy3C6mCVTk,35e5532b609179ba6e78e385b784004e,6drlqBh6BeYZinmYQ9qR2n
8663,"Ol√° Mercedes (feat. MC Jo√£ozinho VT, MC Vine7, MC Ryan SP & Gabb MC)",1cte6eK_5Rw,00f98b1a283f7ef68f0a905bbb42c54c,0a3hjvUXenNxbCknm0zpOh
8664,Oficializar -  Ao Vivo,ARYMAKnI0pk,c4dac19592efe39aaf4ffdc6b43c7c07,5eID9KNVJV2fDSPQGzQHQg
8666,Glamurosa,am3U2a_wpV4,0a90bace9b95fd9ec5f5dc34049571ef,5z2heUCSTRdGHWPy2gaOhs
8668,Vem Quebrando,vqKsHbyjjjI,ac6d373141b573e9cbbfbce5097da152,7Iq55toOSSBCEoGuXxQSa1
8681,Penhasco2,p1FCSP7DREk,305d5b413a61a76d268321dccd1c4f7e,0t5cfOZxePTvuYXTywHzjH
8695,Quer Ser Minha Atriz,4rx2N0Af0yA,b0dbe28fde6e0c5d3f81e054fa505d9b,6GBwa8Kb3hGyf4Gk9Bs2qb
8714,Canudinho (Ao Vivo),h09p0IGiKaE,37136077d38d0bb60b397b5d28b269d0,6AENBD8I0mDGglFqrRZGu7
8728,Chico,JQgH5RiGAeg,33b2453a5f1ebee299e84fcfb106f8ad,43eRVwfXFkY3kXN4K47gNT
8748,Sete Bilh√µes,9dX3IcDX0oI,940fcc8241e90d5b4b528831e61e5e32,277U4WmOVtfHPX3eEgzpKD
8770,A Dona Aranha,xtXbC1o2JRw,1662f44b0a847d11b478b0f9eb383624,181TYnNi3wNGrdsCykmI4A
8784,Surreal,H0sTP0mgtdI,fd840c5538d8d0ccb0becfeab79615b0,1dv8qeBPtLAli7J3xNeTDR
8792,Largado √Äs Tra√ßas (Ac√∫stico),WcTRQXtXJPs,1e87c6ff50d8a198d160b5b32221eca5,74gguwbBvfBTurNJUWFOsC
8798,Tropa do Menino Rei,TEfj3wJgO_M,8e0a1d20e935a94993259204f6009daf,3j43JKkujSbMgbWS1Dnjil
8837,"Let's Go 4 (feat. MC GP, MC GH do 7, MC Don Juan, TrapLaudo, Mc Kadu & Mc Davi)",zG5gWncAhls,3294917acb7c6ed18bfde01540247d76,6kNZdlmjH4BQnSUfHeJIuc
8850,"Calma Amor, Calma Bb",nkyespOAyfc,5eee44da148f35f8655bfc6486b975f0,4nHN8qxD9UJCSqqvFmRBzq
8865,Ombrim (ai que delicia o ver√£o) (feat. Mts No Beat),uZTbg0vyyxI,5c9cc3b25e4a206a8487752a1290eca8,4bxAq0zgWQKMaQJ7HLJJxk
8884,"Fernando de Noronha (feat. DJ Glenner, Gabb MC, Mc Bruno MS, MC GP, MC Rhamon, Mc Dena & TrapLaudo)",sBhRH-ql3TU,1395cc245281201270dfb7b8ccbf59fa,62W2f0QOg20ufNjJQHqnkq
8892,Jogo do Corinthians,X_ur2Mz2lhs,792b141dc481e1aedae7476513b66701,7aCPIdRyeAgZTS4KCcDqVI
8893,Dias de Guerra / Boa Obra (Ao Vivo),lr3ujPqiLxc,aa802a678c59ac6242d8c76c40226d71,5An04O1vAWg451znHjceaC
8899,Indom√°vel,qoqXFQxzNfE,4f7b8ebd9d11be94be6243cde1cefb77,0lZp0muwBhwatS2psDYezn
8957,Back for More (TXT Ver.),e42AhJzYpVE,6a29f7b79a0c6b66613c9486b98051a1,0CerW91SZ7XXHk6tdKE05a
8961,MONTAGEM ANOS 2000,7wEJEswKa5M,efdaca3866fceb0eb78a52db665425b3,4zNy0cxc4p36OLdPr0sI6h
8970,Quase Algo (Ao Vivo),oD9izvb3gO0,42468e9f76093a01dba0311a4f33ce77,4zW6JV4aqhXpbfZLZyEFvP
8974,Perfeita (feat. DJ BOY & Oruam),oYQwySDMl9w,eacb473b5b30ac909c3c7de4372ebe11,2pxz6kTVvEUdMwwoeMs70P
8975,S√≥ Deus,inaHck7xaKc,e507262882d5ba24ef50e33dcec516b5,6n7aenCg07XnW4WP9pdTk8
8984,Chorei na Vaquejada,EGAsGhDxgS0,f15b933702df7800d94f15df927c9fc0,6xRDvureEBwHgwAYDufbJL
8996,Se For Terminar,hNGUubODneQ,3d4c4c94b953c0b63a3c9a3c1d4b519a,15KlDRaZ4yzsLGEpuVO1Fp
9024,Daqui pra Sempre,2FNiAPNK4Ig,be9a1dec7539edbf51deafaa51c560cb,35D06z7kmwMmYYbyJ0BkSm
9056,"SET MC Kauan (feat. Mc Kadu, Salvador da Rima & Mc Daniel)",VWKmIXtpGQc,9e35e5b4e71351021acf2998cf76631f,4bRU8vV1N9cEkxPQW1XPau
9067,Posta A√≠,cG9ltnB4nwE,539890eb9997541f1fb7647c9a622e02,4MiUh4nGPu8dmUWDoNqla1
9077,"Grana, Dinheiro e Fama",LWrB55BuuOo,5af49ec2a10090859889c292f38fe1e8,4JenZe0lSMXG57yqfc6i5d
9082,Ela (Ao Vivo),CgkLC1mcCE0,93a19802837ca7b319bddb56f6ff9aa1,1kWcd9h9HoeXsKaDVhSOtj
9084,Piloto,3JccQdr4iVQ,6d456c9dd9411170104e56c8c4932847,4b5ymWINeHuCTpRQAhvARL
9092,Cora√ß√£o Deserto / Ningu√©m Merece Amar Sozinho / A Primeira Namorada (Ao Vivo),FikN-MxEAmI,530c38a650ec5d529f1b4f683e9f3b0f,0oWy49SNvFELOHnu4BI5SI
9094,Eu e Voc√™ (Ao Vivo),gS9Ngk-hmLM,61054a2233782c8c717921ded38544f4,7eSV1RoJCazTtdmERY7hHg
9098,A Internet √â Toxica (feat. Mc Pretchako),TvX29A17-Kk,bbb2e280b573e9266a0ae2e79cf56a98,6Gn8SHd3RIWjOermcidCJk
